,pv
0,181745678.62200573
1,226995377.28455684
2,196595931.12164572
3,185251014.92529935
4,134227080.03280684
5,426418233.68409884
6,119874220.68009062
7,269758012.54826933
8,200815827.51454863
9,194729205.85718375
10,191845291.0033792
11,209217002.96398178
12,357060626.75011325
13,286058199.33645207
14,164570579.04430518
15,182484336.9086079
16,172453152.78979266
17,232501025.77419525
18,161668070.55640438
19,129978487.34210855
20,173728089.66005647
21,123921935.46812998
22,207210620.3252352
23,272908578.4587771
24,195129369.36698508
25,854628777.3554935
26,199409139.16331738
27,154201666.76441377
28,176454474.18848878
29,295616420.865598
30,224808250.18539545
31,129855456.43669204
32,255181786.57238117
33,137414681.27401698
34,207424024.8009905
35,248555062.57127526
36,209252618.38041982
37,244882497.64720738
38,149085885.9651327
39,214055551.12179357
40,252232972.11492342
41,226311729.09890068
42,119298198.99024284
43,225933271.167193
44,181696875.79932314
45,309766009.3784342
46,185715819.79960233
47,249886332.0562726
48,167787498.00483555
49,227469584.0171783
50,173865097.41574
51,148488195.8183839
52,112761652.1173647
53,186092110.38128227
54,443310800.2435553
55,133191499.32271594
56,202853214.7821655
57,132104885.8111071
58,285003374.86473054
59,281333760.21756846
60,205900444.0867554
61,210896809.7144432
62,311765170.83259517
63,278183784.0179227
64,177804366.3647805
65,301183129.4480381
66,308378593.8012279
67,115056758.872647
68,223371683.52684182
69,367266783.43150026
70,414686246.0869189
71,197090420.49205467
72,448656204.5371786
73,99805721.50499097
74,285625558.55844283
75,203792143.80266228
76,220444090.40999275
77,663352836.443845
78,172361549.8283342
79,224135902.12754923
80,189189184.78499854
81,190333742.56726143
82,129823063.87433787
83,177975229.52847144
84,190533317.18207368
85,125142668.2667395
86,426353931.68806714
87,169748324.65805852
88,145648975.39736316
89,191137278.21983242
90,193804368.67475155
91,179346170.61659983
92,136960629.78246146
93,137752468.31467706
94,233398811.43177706
95,151993647.98430178
96,172706708.7137892
97,117411124.3091029
98,181712608.99947315
99,175780517.53342703
100,126889279.707609
101,193567993.16479814
102,185984976.56933707
103,184089697.79647887
104,175287836.11930555
105,162954905.7350054
106,271670350.48649025
107,791853634.1210473
108,215511184.2812909
109,245196347.623988
110,219950529.6163726
111,172826744.25167707
112,167720138.139014
113,94649829.60744984
114,122509626.39096113
115,250620548.21527183
116,112020038.69871016
117,177799120.07820883
118,158491168.9968881
119,168549459.67921796
120,153582488.23110107
121,236680314.87529132
122,133230908.83832967
123,325478578.4363983
124,259041727.42165232
125,229710917.2945954
126,141419964.71740338
127,251939520.9793602
128,258541530.28937167
129,240170054.34833553
130,231391887.77257344
131,166982456.07428047
132,192629235.56608802
133,632767154.605884
134,158300537.0033382
135,206302877.31577566
136,260402811.93958384
137,199883410.02832863
138,106203350.67022611
139,204229509.80237147
140,177213473.02948385
141,183651991.94394854
142,401981347.11071074
143,229796803.80814078
144,181457713.29324725
145,326671320.09508264
146,250245290.9961062
147,221608921.9390581
148,164962482.8005488
149,223681521.80777246
150,252858542.85983345
151,145841682.28884038
152,113800778.9905613
153,274409078.4438123
154,204499784.55553806
155,182004217.8610076
156,165990994.7467225
157,186045333.89917228
158,150207085.4971604
159,370787950.1209919
160,212758654.62434506
161,156855468.68580717
162,404850346.57632864
163,163894225.360846
164,256377129.6209837
165,215422201.51484287
166,293267746.5358431
167,185039177.24495783
168,229349417.61287332
169,194196656.75306457
170,210986249.8345064
171,272316212.6701847
172,330071695.4538064
173,279352927.94117177
174,265171427.60423276
175,182593993.2075486
176,165986837.6098315
177,170717586.00169277
178,155506626.36173064
179,123147716.80852363
180,127878141.83153912
181,300888862.6075739
182,374710595.5701896
183,413984531.8267937
184,204807277.08609512
185,368379559.75674504
186,138859841.73310542
187,170149795.8687472
188,136248285.82509238
189,139172784.9451214
190,282347115.48850393
191,145929256.6490115
192,172709563.6977812
193,169734968.39243972
194,95792666.02762012
195,209323209.4095734
196,243557750.84053227
197,220561670.0367752
198,237172125.9545507
199,326170474.6632598
200,207637243.79166996
201,173068277.92996144
202,267645905.82854813
203,141364739.6100525
204,155522087.91294575
205,223936714.2978257
206,388726283.09971863
207,153954558.14409378
208,285061716.6753235
209,166103021.51526242
210,157186745.52160937
211,127345701.75736864
212,170483547.11309248
213,235090759.16927624
214,130161810.50227055
215,86215054.06079209
216,525571884.00893897
217,197936778.57145676
218,189199434.84229425
219,212885118.12525532
220,297153087.9873648
221,152552483.3446519
222,123406977.89774324
223,261530378.61768177
224,147523702.56256253
225,150952685.13440308
226,224687227.01488286
227,305401341.31887555
228,118759884.52660596
229,86456279.00204666
230,113172322.76579618
231,216174277.43544862
232,272787427.7998365
233,383130246.1127897
234,198000018.44312286
235,292912013.50879335
236,155192101.619353
237,151505461.68320498
238,155883479.2568949
239,186341673.9266877
240,190699745.98132148
241,259851245.11217645
242,159043131.98770165
243,268147119.67520297
244,214652041.8346921
245,166625774.31641912
246,514300996.1949635
247,114169252.86533041
248,185511557.84450763
249,467602085.7209856
250,206796440.1701568
251,177583075.50985995
252,151056997.64715984
253,142471980.30946556
254,137815881.7589858
255,265194783.30947572
256,116555493.31049967
257,102771592.4975982
258,282469630.63775194
259,558796371.6884636
260,148092654.33277506
261,168368430.9847147
262,379380005.3289191
263,199884893.98920584
264,300863772.00283116
265,194129626.40396515
266,177264137.30186248
267,179712310.55615687
268,222703049.91161528
269,166756735.31893387
270,225049286.9832515
271,155939251.0947816
272,268079464.329408
273,226948241.33578277
274,185462104.38762623
275,167041213.6034359
276,237405025.860316
277,90196833.99637823
278,200373323.48992765
279,276443344.16676784
280,152771226.53528106
281,202398609.87396312
282,292429229.76347786
283,316341733.51764494
284,310804129.3665536
285,192850245.62418792
286,245526552.56785652
287,262457060.54169583
288,184386149.59941286
289,170632710.2162017
290,203734190.6449577
291,150108038.79386353
292,300880904.50863385
293,112532732.62547266
294,214509301.96260178
295,256868504.43337724
296,193501954.80464157
297,228348054.10810086
298,220783659.84326425
299,115308697.69651242
300,249439652.64666966
301,203029327.4887785
302,209741463.8191325
303,227161631.68087447
304,228990074.8302053
305,233401769.72756103
306,114422665.81754604
307,161536172.00302002
308,243464096.41039103
309,239306019.79960346
310,203686900.75027168
311,71020129.34492578
312,336944182.00131184
313,129823994.08301838
314,172759959.1683185
315,141968007.2962958
316,215934397.98125547
317,177145633.75178134
318,108880480.74709144
319,108237023.71987031
320,158600209.84354052
321,211127984.1323704
322,207143835.11742896
323,269210310.43770194
324,266827273.6310953
325,107190457.55297111
326,279321040.188541
327,223260407.52641642
328,157956133.1002588
329,216226643.40641835
330,123320871.69124763
331,445785625.23925596
332,276109394.0891014
333,134039656.24335502
334,145572084.7524063
335,240384320.9205818
336,420722154.47754437
337,178433058.81952012
338,381810209.7156916
339,204185645.74995196
340,199285845.05503196
341,388742656.4819522
342,190473795.04251876
343,158014139.12804866
344,173736168.67503688
345,168404131.99684045
346,323843467.23306584
347,240356850.9731286
348,287180643.881631
349,160473072.75386772
350,221585420.13837764
351,144540916.09787694
352,202074548.8122036
353,162538553.73158383
354,117530610.6797262
355,231116378.77492678
356,180455409.2141846
357,159198838.96228284
358,144366610.06159535
359,167789139.01925018
360,231136125.90827733
361,169766546.46886057
362,143952549.58350402
363,140038266.27983165
364,170896099.73521534
365,154215784.18146166
366,271469444.80173624
367,133127162.92800523
368,154775944.83623517
369,157823018.7462599
370,151436527.86231914
371,198212596.04647517
372,311279907.87825847
373,212438458.688245
374,142643568.9691498
375,136020579.65468964
376,315146845.985968
377,182728518.09423986
378,271621562.10828483
379,149661895.52672258
380,244580137.9851547
381,190956047.87169307
382,178286845.21894366
383,139345135.6141915
384,454238946.1246779
385,172040766.61177576
386,322769780.23714936
387,129226972.72720961
388,235447440.3893462
389,216411695.82028705
390,282782259.39230746
391,246113798.87667406
392,390116356.21831834
393,193542675.91093326
394,120139793.61228357
395,312328138.9618876
396,188409290.43218607
397,155395260.19456622
398,191249123.67079082
399,263959140.55765772
400,178300949.80612367
401,156439229.02342358
402,219420763.75128078
403,402497985.4937722
404,225618899.0561313
405,120687367.61064783
406,190931402.4187175
407,152669767.34249046
408,150682842.15099254
409,307026028.2467662
410,263587626.53000563
411,361079192.172258
412,155631984.60435677
413,225316726.84963715
414,236825076.67354783
415,125778254.92013276
416,185050280.3746426
417,461690870.48853785
418,351998363.7471665
419,155294835.3189721
420,311419792.8315918
421,347052966.54456013
422,175711729.15657276
423,472688390.3285771
424,140832458.49250036
425,364197388.88002944
426,115891086.59570776
427,217108466.37196758
428,172598178.92283687
429,143270857.32656404
430,225190799.37930572
431,169332858.8520637
432,229140319.3110978
433,385581620.5862052
434,218990273.59574348
435,188484701.63213247
436,183458915.33750522
437,174971673.66145164
438,151621310.56418955
439,130401310.85769589
440,141396240.79027042
441,226611813.40276358
442,169895945.92141166
443,165249293.29603732
444,296747118.7407871
445,325822263.4742314
446,220790664.80899563
447,183565118.79552275
448,158815180.42729467
449,276281414.25441575
450,127222398.04913841
451,146200633.14316472
452,126094187.48315355
453,244524139.38226643
454,177530193.8626867
455,231118689.30312514
456,168001283.42012364
457,192222316.08068877
458,207665989.04702035
459,168568320.71785933
460,493681937.161279
461,146433872.4289024
462,132174139.47184321
463,348705801.4988362
464,144465997.92306548
465,114160337.79936454
466,183973511.9744966
467,150053594.64909565
468,346587177.50113666
469,136993393.62119842
470,160306705.06308034
471,99599573.40503952
472,145522530.66119057
473,766881042.510268
474,184288624.84737557
475,186363304.41274136
476,331945632.8056508
477,283969091.43968606
478,103899525.65620333
479,175437532.49631345
480,193983667.38413194
481,144692449.3268059
482,138178336.8119083
483,403241261.6015946
484,346614368.82570374
485,217125186.57437593
486,172836434.8759048
487,256196841.40898943
488,548767512.9303211
489,451627296.8960127
490,116640203.88775614
491,234220679.3725109
492,292776155.3749076
493,191420705.81120986
494,108181306.8944708
495,93118355.6344508
496,248032942.80744588
497,244879235.32105508
498,212954740.20208913
499,156066591.0750462
500,200415087.91122764
501,129837413.81591222
502,189967098.0255666
503,160857780.58478624
504,575384503.3761607
505,304490851.7620899
506,179859367.82669818
507,88777746.81025231
508,138989516.36016005
509,218122125.1377923
510,326377827.3663028
511,204872397.75193673
512,202559971.10311753
513,160069481.6332206
514,214099385.8917778
515,248196878.46852005
516,177317799.7649659
517,398028448.91353965
518,151015589.75971237
519,147414028.0290448
520,171347031.75478303
521,189865832.31735495
522,235203995.54860628
523,182270661.78401902
524,359466411.3757696
525,161902620.11316845
526,453624656.78995305
527,189163955.67257616
528,229548151.61481047
529,136232646.4698776
530,174659981.96776488
531,290372177.61959445
532,267103389.44005838
533,103582354.74280238
534,210517663.43314967
535,245246811.891693
536,131653398.93872643
537,129766208.83924918
538,351966530.91444296
539,294522814.35071105
540,179861033.8831711
541,219674026.0588746
542,319485557.9112593
543,109627499.8981798
544,163462105.0451643
545,608769929.2390751
546,189598186.06407398
547,243797501.70004088
548,382825684.98747283
549,246406793.7024595
550,190604977.18327862
551,230580742.27948838
552,133787654.64966506
553,187504996.44964564
554,192186062.5043275
555,466727399.1104837
556,188308956.26366767
557,135309817.22622517
558,324779656.3284009
559,291168467.9758587
560,129774652.66623324
561,138678068.39647806
562,142987041.7362113
563,287925783.47665656
564,282741488.10475713
565,261120544.4989777
566,168305727.37986654
567,198282896.46963343
568,247282311.12336123
569,225775792.9335034
570,170875663.33647156
571,104440067.85953896
572,175899847.2929932
573,335247199.10677475
574,155545554.0145765
575,366910214.07501864
576,149649238.81338096
577,657882521.0975212
578,155776708.88915873
579,156051349.7187748
580,256769707.73157197
581,192749590.76287687
582,166113740.02611512
583,254240886.23765302
584,258549130.07002887
585,115609418.26855591
586,233726197.20556527
587,251628187.29882663
588,176874136.6528253
589,243663539.63888466
590,202776789.45512503
591,165797529.99850944
592,177164354.11022285
593,191240263.31423163
594,310209964.0942892
595,217152505.40401205
596,202080003.97166473
597,478056524.3376776
598,148743302.68572196
599,189421882.929491
600,204187061.1133348
601,271997622.8462277
602,277315161.7460141
603,102739604.94664179
604,319607079.56307757
605,199146652.19367954
606,157700813.80116507
607,139869699.85572138
608,477593660.1734966
609,217728229.1606877
610,157439914.72526875
611,335827611.77772564
612,152783437.68583283
613,295668167.35398453
614,181640710.1117218
615,134377683.26106045
616,233172805.63650054
617,317123045.6920816
618,154498040.3307275
619,325043417.7653304
620,132034789.49239163
621,193882446.04206097
622,266261509.2575172
623,176887156.32528287
624,272460479.7038196
625,222241712.95436808
626,329442238.1530091
627,241359933.83737722
628,285234919.18346673
629,222653780.25370142
630,274704175.7244788
631,311167038.77440405
632,226560126.0962591
633,162367598.63143402
634,226605794.65667903
635,194456019.0921754
636,83617915.3860758
637,167992121.17121863
638,144066664.2286662
639,250162776.685613
640,349781804.05384535
641,149690307.4494523
642,250854198.83298537
643,176159168.8648901
644,118908645.19498315
645,241573089.48740968
646,159979912.14672497
647,160103724.6778063
648,168106950.8100852
649,190535866.60283935
650,117328903.1873081
651,146878634.4689212
652,311380428.9781859
653,437367110.02408403
654,171761441.83538193
655,414238674.9187908
656,515216371.227091
657,267138017.64617485
658,153869430.02752426
659,228839336.42362493
660,299812767.4737186
661,116773804.06612116
662,287208118.0543502
663,124938415.99539277
664,180230545.36488312
665,104700754.56516904
666,178614296.3885353
667,158133595.99980995
668,227313307.28180367
669,181838981.71653408
670,161873123.12492797
671,171748604.00034446
672,190209240.7607837
673,144532898.90838248
674,399361278.48804283
675,163596960.75464684
676,257973757.62116247
677,215646751.26902235
678,146895225.77266255
679,310101500.87617093
680,149578281.0044147
681,156700157.76622435
682,540279181.4620948
683,175625031.7722374
684,370001349.14565974
685,227104245.8134366
686,127519448.15894918
687,237710113.8043847
688,292758965.5769458
689,213870764.02131003
690,179615242.5824705
691,204989677.17216638
692,165352528.97818723
693,310233508.45802253
694,194861890.4383255
695,242268019.15135837
696,336654456.287008
697,156001124.06117472
698,253636458.23170543
699,184503480.2294932
700,315633280.0847105
701,261349865.21651685
702,359434034.6011524
703,121907064.35311885
704,223085214.87344474
705,257146602.3386424
706,240371143.75000107
707,170476887.69894338
708,224071698.90907693
709,199756727.24048045
710,286600400.898358
711,131647260.13077557
712,307562414.96769255
713,155401558.5580176
714,210117706.49682733
715,198487183.14697692
716,413976840.43254733
717,120930631.65599257
718,86531845.81945278
719,327709960.8410175
720,274521281.5898116
721,147273835.12359926
722,221557558.61251146
723,277705064.52103853
724,255760769.70375437
725,198213408.74960026
726,147997217.90417433
727,170945937.1680071
728,151862291.85533455
729,122555181.89474805
730,172064846.65528208
731,206892394.4907361
732,240563881.9905624
733,141104165.2892673
734,528978974.95402145
735,268981255.93595785
736,201401378.50634167
737,240677147.99268156
738,227635593.5581032
739,291781556.9330146
740,184919878.57890344
741,279383201.61501145
742,217711746.18399274
743,200696547.82037663
744,144863665.04373154
745,190994711.97722715
746,228067272.8099758
747,309945476.9291782
748,141643966.46073124
749,219318632.98740032
750,239188802.69314438
751,133657691.7123984
752,300028022.6954959
753,152881610.9881506
754,393719079.6604886
755,218461123.86405966
756,124770754.88963993
757,165712278.25888053
758,385233833.8666243
759,154498796.79598716
760,277339515.2630455
761,415839431.26327264
762,139382386.41511646
763,155314732.88884687
764,170765492.60668114
765,149279236.3597897
766,162970502.94130027
767,179328327.78165
768,147850525.78097525
769,168468285.4232744
770,115186461.55094032
771,177413563.79741386
772,191429707.55036086
773,203027696.74852753
774,133703214.16977108
775,209228001.89892554
776,180237405.39190555
777,213125800.64902174
778,112401416.54382434
779,287911263.80404216
780,336452622.0072363
781,154122894.16501838
782,116183134.34958144
783,333303816.4268089
784,254181413.89966387
785,124545881.0066022
786,199967704.9274704
787,115918866.55892946
788,193779969.67606786
789,198162222.8853356
790,152360177.48127094
791,203849193.01792324
792,167738063.96398216
793,184138857.78702036
794,109992819.1591084
795,203005189.40434048
796,139492538.75232056
797,109029214.37343156
798,215780532.5574944
799,96656618.50955957
800,275198336.8345206
801,267817266.11880007
802,386727168.25460654
803,176727724.86752334
804,167754190.77313134
805,187457905.46396717
806,202555324.11849964
807,224444712.1173431
808,307787640.49008596
809,131253561.73852946
810,175722769.07397175
811,246927065.59450698
812,194932732.74173647
813,341569951.1593837
814,245468967.40141544
815,154365797.0919367
816,135974831.80418956
817,118704469.90777065
818,209512356.64245752
819,133605515.48933384
820,131033599.72244135
821,207605729.82961676
822,162844352.0842275
823,124508549.58692697
824,148960640.967632
825,213545836.7092662
826,296656882.1934198
827,250803000.7744211
828,202606483.54890662
829,413767656.1600168
830,154735229.9072289
831,129275116.00388211
832,160504431.95669702
833,200116372.0669786
834,195983313.03476027
835,190899342.82411703
836,335303041.273243
837,310540350.76244354
838,454271589.64263135
839,813525153.0873281
840,181101554.56609502
841,202811170.9475149
842,126987734.6058953
843,301556601.5663468
844,253084841.04043835
845,281125158.07673985
846,204225518.44649222
847,185402926.69369537
848,229994678.61084238
849,190925850.37311482
850,446734090.29492795
851,217147755.36770135
852,132297768.9343347
853,613819190.4788915
854,515763296.64550287
855,119275883.70059681
856,202786168.81870592
857,133991258.4559002
858,188242651.79124728
859,172012103.13532454
860,198216823.27737176
861,157381829.2253646
862,258602155.30520907
863,213777352.31475955
864,135999382.7218381
865,114975402.86207344
866,203606062.92295647
867,207346289.74871513
868,135559817.92812717
869,289055749.00901645
870,179529758.03227684
871,139635289.2881917
872,274881385.38113046
873,232421519.1468584
874,140359647.0968713
875,130784153.08648986
876,165050153.1818742
877,217160825.8767688
878,217212382.75930578
879,150407080.9112742
880,326860786.2708514
881,431436647.6190696
882,302670268.9966144
883,159848799.90582818
884,203519801.8526034
885,159126675.17028433
886,150690294.35156128
887,147827525.40402824
888,120884736.51271158
889,200018319.8430544
890,224725549.9941972
891,125883656.39701058
892,162365178.07205302
893,224549360.31612188
894,521302517.63696647
895,159823398.3608767
896,134121605.65524857
897,329053387.67618024
898,270872013.5793472
899,261852004.56418866
900,142522035.09550124
901,287367786.6062757
902,154702932.6873046
903,365342379.2271601
904,209221488.08483636
905,218526822.89750487
906,206903055.1045837
907,197010115.08604187
908,203672891.4210222
909,125696257.20918518
910,140957583.9975204
911,394575817.8339012
912,393218815.67458147
913,249501643.88437575
914,186673822.3680092
915,309840207.9352126
916,172108139.07032603
917,163715396.45602748
918,290727549.28421056
919,321717017.15300375
920,166799755.6622632
921,160845513.1315241
922,138134911.04015237
923,143425768.08095556
924,337829259.0721384
925,186929615.51343814
926,181155136.8751127
927,135165523.07088643
928,165015371.65477523
929,390551315.03259295
930,219894897.0008431
931,134422958.3339328
932,171785826.11032933
933,142878661.62725297
934,206375368.68218786
935,127610519.32112563
936,161457801.816714
937,212099276.9099719
938,125225013.25567146
939,125438822.08087365
940,116670918.94484124
941,134792692.49485493
942,174702727.29059464
943,232201098.27972716
944,120679869.04802741
945,155443880.54186156
946,129412480.25868475
947,147041130.7185601
948,178395793.74840197
949,231031353.7899846
950,479627118.8400419
951,171108133.648115
952,163350752.57139966
953,173237641.090688
954,224978230.70679095
955,141997876.30120644
956,148513448.409704
957,120850813.15921159
958,150326937.82392836
959,212615024.30831936
960,220368985.60154232
961,144375263.02686095
962,251156178.0997274
963,643803052.6756045
964,137313944.50729534
965,116480682.97562829
966,454816588.72580975
967,219750092.58134493
968,129070010.77054414
969,184657446.266463
970,309523367.68804
971,114477831.85517655
972,263726779.92744765
973,126224776.97157443
974,202636915.43688494
975,200991702.869334
976,109415634.36022761
977,327922779.5798432
978,172527014.83505628
979,149658385.6760631
980,103765155.38947582
981,222594147.67489496
982,200789536.61660102
983,188027767.7960374
984,179197504.98171055
985,267247707.47467166
986,465137019.6339747
987,185386087.00845966
988,358237883.5607457
989,172569462.24715653
990,201742675.87472677
991,210168414.35968933
992,134854752.9700533
993,215276239.61711195
994,247669942.74077335
995,445216510.325912
996,135570146.67845997
997,153224255.34996292
998,477743570.9306091
999,205993351.22031412
1000,466267408.5000081
1001,229091070.35975584
1002,155738427.51512572
1003,145129759.23030424
1004,266158116.13752252
1005,150461861.44580778
1006,177418762.97372994
1007,232239638.15731522
1008,175607898.18908414
1009,215000202.86973488
1010,156225718.3338718
1011,359637038.5610754
1012,295690452.57846147
1013,201146173.25396383
1014,145706390.9466642
1015,182764746.6354978
1016,217467084.31266412
1017,178138761.23646864
1018,193933523.6460993
1019,121408174.07730816
1020,325728931.4841937
1021,259858836.97496092
1022,105749946.82993174
1023,217633275.183725
1024,179366780.964437
1025,126638490.28868009
1026,186599092.84935597
1027,162323893.6230922
1028,220394458.6159247
1029,265814226.63186744
1030,222884223.11046517
1031,269910877.0774252
1032,133168326.9568086
1033,187275456.02619717
1034,256863676.85991064
1035,164261956.00644207
1036,389839925.2277911
1037,394641775.12042165
1038,195783434.05142075
1039,160764944.24954942
1040,272663444.6235991
1041,308046043.87675625
1042,166681725.27119368
1043,357053280.9729785
1044,299787704.2635375
1045,214777837.66601354
1046,163457675.0263021
1047,151672235.77225426
1048,253440425.99212566
1049,181531734.78175405
1050,112843622.62698668
1051,204852485.74590153
1052,223746952.33709878
1053,183998862.39144394
1054,255225914.66281402
1055,204142530.42861497
1056,284721755.58038694
1057,206580933.83313555
1058,190449542.88348168
1059,127908632.94021977
1060,196761941.51498744
1061,103542754.99241354
1062,376998867.5378122
1063,325894714.5669069
1064,238760399.38602132
1065,182616860.72661057
1066,236758915.44888714
1067,392260111.5185851
1068,140220978.76385632
1069,203562228.72800574
1070,140976986.75302327
1071,244822379.5960941
1072,166075735.97991386
1073,493581873.6717663
1074,151236456.07454053
1075,159801919.91361335
1076,245152715.47177592
1077,660966503.9254733
1078,172353754.7376356
1079,312775870.13163203
1080,245372566.1075481
1081,448152929.7476149
1082,151095883.3982395
1083,152239871.7980117
1084,106218365.86210155
1085,205738695.0707122
1086,117946075.06278129
1087,303167132.5098529
1088,194070354.44976282
1089,203330611.0039954
1090,168623867.28515482
1091,182523605.72811356
1092,213146060.60469255
1093,157622845.4655233
1094,180410576.6403042
1095,216002216.86578855
1096,159551560.81706938
1097,213839530.08593827
1098,347902234.003301
1099,109772582.25571609
1100,99699521.90739085
1101,161580727.2397074
1102,208330741.59720767
1103,268178310.13643402
1104,238072276.0247413
1105,120643970.77052179
1106,207758390.65479726
1107,112825939.3653031
1108,185385464.67059937
1109,255079338.9927206
1110,139413033.2878977
1111,205234154.89375478
1112,313586076.1738133
1113,205613728.5346837
1114,199728840.0425973
1115,168719678.50970763
1116,186993734.39545706
1117,173658709.50329387
1118,159484569.28198317
1119,206922821.84897122
1120,188917091.82708445
1121,98089359.44692707
1122,219815430.4476887
1123,172336879.20935082
1124,176509143.6668321
1125,216344501.4125852
1126,163048518.360983
1127,120118900.7010231
1128,209530856.46807352
1129,191822700.88723886
1130,111273261.7346312
1131,112140362.32396173
1132,225363178.16431937
1133,296626864.22063154
1134,186010143.56337488
1135,218593136.89215764
1136,212011991.70777217
1137,134136767.38956113
1138,120411336.31582293
1139,185911595.501983
1140,219455886.85662836
1141,156110627.06322208
1142,265842404.22355095
1143,221678741.8608765
1144,157365454.914017
1145,125237268.40994519
1146,210358570.95371914
1147,253280676.7331324
1148,263005511.4131846
1149,192328577.13281703
1150,236369607.72601405
1151,141528863.8750572
1152,105251824.92475276
1153,305222535.6469522
1154,148183410.600922
1155,278718819.3389304
1156,296449983.4343315
1157,151150881.81005165
1158,264324202.5801547
1159,183357399.75616673
1160,245895939.5734084
1161,187874259.00808454
1162,205490890.41817075
1163,142875384.7463259
1164,185218285.5952058
1165,192460810.785933
1166,254517709.74339822
1167,211444037.22786853
1168,173947043.70039278
1169,132422718.27136125
1170,180663472.72557095
1171,335082637.00680524
1172,194628804.21119845
1173,200146302.524568
1174,377100976.6432818
1175,677829923.746115
1176,202092211.9913786
1177,182489898.26175997
1178,172732864.78579697
1179,179413709.71489477
1180,271358982.62368226
1181,245878481.75874227
1182,140577079.59588838
1183,179043650.89453366
1184,189449934.4730161
1185,130880030.91034257
1186,127585537.08406073
1187,227864564.85890222
1188,151949125.31596595
1189,151761346.5189067
1190,146307006.59641394
1191,144792774.3891097
1192,228076020.71992064
1193,197506304.88712823
1194,172521492.68222374
1195,240703865.17614463
1196,399404006.44245374
1197,287554020.7366634
1198,242386787.78571516
1199,313883954.78821015
1200,103971230.6452147
1201,168686650.89228743
1202,161433100.8426242
1203,175463899.47161558
1204,208845936.80011624
1205,147159687.7722174
1206,132902818.41243769
1207,232256825.01855522
1208,147501128.79894215
1209,273978827.07031125
1210,683193537.4045681
1211,123426946.04453446
1212,132004086.48759769
1213,132763840.46065913
1214,210810993.3651866
1215,189096492.16253865
1216,239638575.3624876
1217,143840999.70237502
1218,198451702.26957408
1219,182658170.74855274
1220,257117736.86484647
1221,245515749.89926952
1222,175680165.32971793
1223,215408178.38121223
1224,156366061.70913112
1225,138045576.25681868
1226,168972921.57564014
1227,165182944.0367898
1228,345682763.35788184
1229,186772924.70930874
1230,168809194.00875166
1231,196213948.82912332
1232,322210756.72894925
1233,343958183.82120615
1234,298142793.8908351
1235,250359427.51212662
1236,227539889.23531365
1237,240689550.26909018
1238,129642541.87553193
1239,383459638.05746335
1240,170715723.46465743
1241,220567123.52620718
1242,158186716.71320072
1243,151764060.89392853
1244,251158184.28065142
1245,240858922.1914498
1246,129504390.72544114
1247,191806428.5721846
1248,209828367.30912125
1249,128688168.55585606
1250,139438832.25489688
1251,143888233.16207296
1252,273621202.0315054
1253,232307624.78199035
1254,363002398.3139869
1255,227528752.50486296
1256,131860438.04391152
1257,257454132.3805419
1258,207948453.89789057
1259,279728407.7469672
1260,102539427.82348539
1261,233642175.8162182
1262,161990052.65483233
1263,175759597.5577733
1264,250853988.70026124
1265,118601480.91140388
1266,115185718.76583105
1267,137883896.2243797
1268,157932101.07837498
1269,173595279.3034298
1270,142532282.43389997
1271,224630428.16962218
1272,293509718.9522207
1273,202315285.00246596
1274,199420108.04626644
1275,550783036.1513594
1276,141292415.78410825
1277,137087310.18855593
1278,220524627.46408194
1279,151371378.19582978
1280,283754962.94292194
1281,346642100.3951122
1282,163776834.40418997
1283,175172832.95069697
1284,218542557.56725603
1285,340695703.4038178
1286,161812308.23836744
1287,165409305.78132907
1288,218146662.95730022
1289,340842477.15698135
1290,211586177.80948853
1291,205612772.92729792
1292,237398826.58759263
1293,261799930.95545003
1294,183796826.3428709
1295,270865896.28703535
1296,255478195.61093184
1297,184130169.5676481
1298,108926243.30820225
1299,410831991.56050044
1300,265902502.78246334
1301,190753750.78548002
1302,180577571.9697394
1303,177206941.9877382
1304,188048209.96294433
1305,133707679.27720216
1306,129462843.94456649
1307,161450411.4899495
1308,129367929.33807872
1309,354746304.38598627
1310,228106323.47422963
1311,165430026.77479795
1312,176963389.025401
1313,110025925.23910177
1314,227539989.2989283
1315,155208000.6750458
1316,195110042.6596226
1317,161179645.6274731
1318,361817878.55390936
1319,203181609.20553893
1320,139481465.9379061
1321,203642564.86071947
1322,154596202.74263915
1323,167919529.27770713
1324,175916191.91009977
1325,131068106.86990371
1326,172577702.15864003
1327,378892269.5103602
1328,144898438.46597445
1329,242140127.18537402
1330,218624435.76329884
1331,137759682.1902338
1332,140370612.1219498
1333,300832986.14491117
1334,201573645.2185977
1335,208035244.4503186
1336,255404465.3536427
1337,163195369.62360334
1338,316683687.18977445
1339,147093652.76350597
1340,135567613.32468143
1341,275877553.9925129
1342,192739973.94085145
1343,135415062.61698967
1344,193305106.76653704
1345,142948861.981907
1346,204085159.0327168
1347,175948943.37089103
1348,164798764.6944732
1349,205347742.76270676
1350,162591762.1758994
1351,252743363.24184713
1352,278854080.9287024
1353,258327659.03974926
1354,275783798.58419126
1355,290609626.288607
1356,181709506.9519472
1357,282498715.2987896
1358,181145437.53307217
1359,419052383.06397134
1360,190506710.88643837
1361,398524168.5527983
1362,204974042.4440858
1363,723047120.3022078
1364,186944904.7786442
1365,318257771.6552572
1366,183099413.3380417
1367,263951669.2367636
1368,170243384.1889904
1369,204768393.33163378
1370,204550245.0718037
1371,168442618.45632985
1372,178332387.8215256
1373,120172715.1307081
1374,104163776.9354744
1375,162127651.93954828
1376,159431412.04085937
1377,215633430.65810382
1378,221028280.9914091
1379,149100634.85591155
1380,182430273.71742213
1381,329423212.9861843
1382,144596588.40735254
1383,344259413.08355135
1384,172401923.92354584
1385,412368374.0009963
1386,158239480.63347268
1387,443162434.9705985
1388,346454090.8193868
1389,239260799.35292634
1390,118560127.86545014
1391,168216235.40997177
1392,222924883.3517489
1393,292676943.9818866
1394,157736703.09916785
1395,184331711.02178174
1396,196885829.87082118
1397,297836025.0671596
1398,156592233.7962102
1399,100432749.11737263
1400,117653336.32437459
1401,152594693.88415718
1402,188446149.12192
1403,161555848.76220894
1404,184289415.7357335
1405,110464812.78775422
1406,267048925.78602588
1407,156838568.0066022
1408,305253737.6370709
1409,73028666.0451917
1410,250573033.5385952
1411,173253008.5159993
1412,368076707.84726053
1413,225363471.8671171
1414,175905924.25600186
1415,226651675.90690482
1416,389194437.3169686
1417,328559616.33361155
1418,169287117.81510836
1419,263363809.43274677
1420,207214049.55156195
1421,142645702.05225375
1422,153057714.4431154
1423,199840252.0995658
1424,308275329.16958
1425,308281834.6048237
1426,290847088.52992105
1427,610242523.91207
1428,118028383.43986079
1429,273423333.3021953
1430,164160152.9315995
1431,196417103.84872198
1432,220564084.98247337
1433,226930774.2861718
1434,236702300.3560892
1435,163456739.32950288
1436,128522747.71998641
1437,189631698.43929672
1438,182626381.07410735
1439,178769117.817734
1440,168662631.98756635
1441,136349699.19224983
1442,193394889.0313066
1443,198962611.13512477
1444,253104209.18358004
1445,343943606.17711914
1446,184589312.89061716
1447,208316678.9751978
1448,158639244.3592012
1449,365766886.3307177
1450,169781126.7331068
1451,217802343.15950692
1452,190103650.53254524
1453,408232185.9160695
1454,319411771.0917848
1455,369516264.9321823
1456,252760438.22942767
1457,171683547.03461707
1458,250902927.9581428
1459,226451061.86669496
1460,201645229.46156904
1461,200043165.91400376
1462,166255825.6786435
1463,191070077.49331287
1464,129635008.20402083
1465,212919494.62596756
1466,185566468.69528037
1467,245292290.53892317
1468,267306465.25607833
1469,255156367.11502537
1470,207681627.94084597
1471,229390107.3778706
1472,186309246.5835476
1473,150441893.21469903
1474,158704183.34993643
1475,175482935.83015534
1476,442446936.54356384
1477,194819665.0388687
1478,192376371.3756352
1479,174290155.12038204
1480,116911845.85212836
1481,140003969.71674874
1482,253749470.23749968
1483,353204574.21482587
1484,185449557.73488975
1485,154946089.1390975
1486,301306613.6612774
1487,173360788.5247475
1488,127048622.57316303
1489,94214239.93063954
1490,135062091.52620715
1491,165911934.33358088
1492,170156518.12873998
1493,163121908.19038478
1494,109291946.36060643
1495,302674666.5688271
1496,167597394.84680077
1497,141560697.82212946
1498,187675012.99318144
1499,219878937.92035586
1500,118968365.56000769
1501,192616528.256331
1502,250119479.3007874
1503,450107996.1113951
1504,288199675.50794274
1505,314539963.01604515
1506,162621245.49762055
1507,227467152.2019948
1508,279864906.5924946
1509,297735647.3376759
1510,296135074.9049154
1511,202293074.14694536
1512,244218773.65848276
1513,229355073.57382536
1514,237007154.6410432
1515,195280877.20236146
1516,245052236.86710018
1517,273037072.83242095
1518,209727321.0612111
1519,183929685.57188305
1520,158166657.97846588
1521,135036849.45067126
1522,195712779.19659042
1523,100681147.26578718
1524,130061092.71021158
1525,132486100.76394299
1526,112069850.77418403
1527,177156305.65778238
1528,281096833.28089875
1529,164444092.93621606
1530,163940221.4628088
1531,118639727.05495447
1532,268431558.4717097
1533,167203901.7486356
1534,146595066.65276474
1535,593798162.3159921
1536,617356154.0220805
1537,163438219.0466711
1538,311940191.9411566
1539,348674331.3042451
1540,210793214.5056859
1541,187879845.13154814
1542,144354383.86225423
1543,238242950.0406081
1544,174309578.5439977
1545,259365496.10265362
1546,129625807.32716416
1547,231878370.69180015
1548,149714482.2661731
1549,244707508.01749915
1550,215669883.06192297
1551,101900068.60766695
1552,176229728.98089397
1553,205981351.63830253
1554,210682150.51601285
1555,249074417.6045548
1556,246386612.02910626
1557,125673388.98278828
1558,301686831.6773084
1559,346391881.97755677
1560,201641886.93843362
1561,154857050.12388536
1562,239269921.91232792
1563,149107971.3306326
1564,170161404.53533015
1565,184496013.49763623
1566,184180970.53776923
1567,155153283.1804314
1568,252011835.46643952
1569,170899847.73129624
1570,247063015.82380137
1571,182979861.98948914
1572,216340652.97105038
1573,104001228.48368332
1574,159389605.72756416
1575,129848255.51143487
1576,479232329.64056665
1577,150274125.58780825
1578,146903106.71232298
1579,190693628.4525548
1580,264933885.01008072
1581,329942731.6726682
1582,249080611.6405102
1583,270756973.5620838
1584,177161322.46345654
1585,361522011.62814724
1586,209374308.05629835
1587,214558844.83119702
1588,224141203.17917132
1589,157416122.53475237
1590,270051522.3489343
1591,238745503.4188437
1592,315816008.9720825
1593,261249034.39960888
1594,195551830.78899243
1595,106911781.36043651
1596,135324499.6563218
1597,128698693.02651359
1598,241597083.33413962
1599,143080859.3736664
1600,221141831.70892608
1601,393454295.64530617
1602,146154948.31175944
1603,384339394.41818875
1604,703609244.9485303
1605,161772668.67443907
1606,199838857.7344277
1607,155772007.52551666
1608,241589780.2695506
1609,157868299.96153656
1610,380851896.4274116
1611,206516902.92672852
1612,121227406.3918489
1613,407534367.3785863
1614,168386951.52097848
1615,159118878.62695995
1616,131770566.22268812
1617,122894316.23005621
1618,304762037.41856027
1619,217620680.35014382
1620,205434440.69405115
1621,127539497.84674025
1622,256818496.68737304
1623,254891342.69169146
1624,196758945.03461286
1625,271541124.33984256
1626,226345463.0199605
1627,241060206.8853796
1628,219603792.05729386
1629,216867782.64677387
1630,156045286.1372489
1631,138286397.82321075
1632,141978324.00598174
1633,101688578.83822945
1634,185778877.35132006
1635,174524900.98252004
1636,181772085.82269737
1637,190122863.8176041
1638,229142732.7593654
1639,191424356.4765289
1640,308777769.54075027
1641,204064483.74271324
1642,193902212.9473024
1643,136999104.05236387
1644,122475657.14672907
1645,251134676.50591177
1646,213992728.52302817
1647,161368501.22352877
1648,109858435.35618058
1649,188744536.50357455
1650,263685445.41969922
1651,179601000.25891227
1652,436608214.44342077
1653,163227867.89207122
1654,152377802.6073233
1655,165598612.08764112
1656,292049693.4328987
1657,253114914.58370486
1658,162352938.70691794
1659,365813573.0681012
1660,161000536.04406798
1661,282637017.55842686
1662,167297358.06277996
1663,150263059.889508
1664,167511690.88048762
1665,194882794.494563
1666,346922368.0845981
1667,308059885.95018107
1668,667669149.6572926
1669,201700562.46017686
1670,403001195.57797706
1671,161277293.21189022
1672,398009548.4316994
1673,307392702.00506234
1674,196288968.7978361
1675,149482825.95520517
1676,153395894.10124588
1677,303561165.157086
1678,178795421.2583256
1679,187961893.9799831
1680,182356047.18255204
1681,157822424.62733838
1682,127064055.34020792
1683,172536464.79931507
1684,114018012.4609855
1685,105723309.69639648
1686,145273824.10185948
1687,217224214.917496
1688,209661826.40038618
1689,283561112.50640297
1690,180454411.33190104
1691,203527824.43371835
1692,218073299.88923758
1693,221590637.75415075
1694,197699934.18822217
1695,365150682.2271069
1696,166931879.85621437
1697,175466469.59915027
1698,112039775.80635883
1699,138578810.0053059
1700,197919419.95745966
1701,206025803.7989722
1702,232068298.89883983
1703,153802931.336357
1704,154520450.71317846
1705,149788845.5703198
1706,273096766.5350542
1707,193366996.84505358
1708,194834116.7815165
1709,343718844.2437394
1710,171091602.68809697
1711,122941356.98522653
1712,185477450.51553106
1713,234668135.97769958
1714,208104015.40676877
1715,321845308.8973291
1716,173145367.98994133
1717,301039841.702149
1718,104294939.56040834
1719,143710081.57657814
1720,169642129.17148817
1721,178071428.2897315
1722,146881529.1823718
1723,352904443.6772565
1724,278257345.66097796
1725,145091877.64739916
1726,191457809.70119843
1727,174401094.54604152
1728,298345813.1614013
1729,189968407.74128038
1730,172966715.35345286
1731,159791246.09089154
1732,414302477.71935266
1733,133294154.2508947
1734,175011332.4309352
1735,165813214.78242743
1736,555656940.1545908
1737,242844825.44703144
1738,270692979.87299013
1739,209512204.4328366
1740,176155011.44254065
1741,217020887.0180981
1742,274986282.02096534
1743,351800949.39478654
1744,173252724.83646873
1745,241699583.4972502
1746,191190346.64733598
1747,182529111.7827242
1748,89405138.89350718
1749,254311090.09617218
1750,192455293.65584394
1751,165631266.3190778
1752,162902224.56802633
1753,346555224.55843246
1754,262388828.59356466
1755,183741767.75445342
1756,169420724.56495726
1757,252437556.8712529
1758,217492982.16539985
1759,257492111.53668875
1760,145314744.6980523
1761,255141271.80531704
1762,155890884.1497521
1763,295964349.39098054
1764,172976773.92513818
1765,165277525.94927073
1766,155671409.22168007
1767,139888459.63011783
1768,203073757.08221114
1769,165935697.73679417
1770,171877838.43360344
1771,99215359.09785344
1772,126741326.71648519
1773,228713986.62699747
1774,326402424.9914027
1775,200826088.65098432
1776,326734336.5915251
1777,169528214.56370133
1778,161634832.29006687
1779,120215959.82638496
1780,230157807.40917462
1781,222272508.26233944
1782,238218369.35467148
1783,146518015.88939944
1784,201358278.03736258
1785,358105407.32502955
1786,150544368.7516772
1787,146753509.53017405
1788,174182167.4953767
1789,218582282.53241274
1790,135534118.9851362
1791,186810557.56336808
1792,188272766.28693065
1793,150737935.46887434
1794,232241615.69842523
1795,292142948.823858
1796,153165312.98130533
1797,268741728.2579675
1798,211494409.58571884
1799,169790535.72797644
1800,183767092.56532845
1801,105465031.82396886
1802,231221776.04608202
1803,151766094.95302147
1804,150131701.08867744
1805,315474549.2504708
1806,243225816.19007614
1807,200113043.52552995
1808,211023410.01118413
1809,276232771.596749
1810,224663257.9138512
1811,276843597.789395
1812,335833143.46644497
1813,174543889.56562227
1814,160647834.70211095
1815,115489449.69130608
1816,230115666.05097932
1817,307743490.4632012
1818,384303547.7142142
1819,312686977.6909368
1820,143434889.2378944
1821,401663946.83935255
1822,279445945.81953263
1823,237857677.3810811
1824,215101567.11793905
1825,781060729.1411059
1826,314692969.53151476
1827,198541730.22697893
1828,267865665.33929804
1829,176048367.80046102
1830,163836501.67964476
1831,262529023.98552734
1832,196363758.39133325
1833,143247828.1174244
1834,143591283.0489872
1835,348290466.7410973
1836,226678743.20086867
1837,94206914.7403742
1838,166017984.37374902
1839,544636291.7384193
1840,268205618.91548604
1841,123830408.70389837
1842,207571849.027364
1843,154949272.8518614
1844,212739123.47281232
1845,291502409.3252948
1846,108830751.78326589
1847,217425170.2937057
1848,279282156.5547597
1849,202193906.55126575
1850,281401981.8255902
1851,180183477.6037121
1852,266317024.08106104
1853,197456427.05206588
1854,398576846.2719835
1855,132516239.80749443
1856,695835236.5874856
1857,128724626.11160809
1858,176457219.7320828
1859,179057188.97538847
1860,214442838.92447707
1861,207481237.6830876
1862,550301518.4175769
1863,124562377.26737909
1864,138327567.64786783
1865,178488774.18535227
1866,160989637.5565528
1867,151634677.5418705
1868,220809496.658371
1869,144384074.27638456
1870,65453001.14008664
1871,247039216.19837764
1872,172756227.8064565
1873,219498338.28593028
1874,254732106.13692245
1875,175777843.02094692
1876,128018519.2094112
1877,508198084.279127
1878,156847900.63985428
1879,212508255.38142574
1880,231073956.9224214
1881,394431904.5228831
1882,202427942.5919444
1883,370787711.6697794
1884,376699513.59257656
1885,177469216.7767826
1886,275393316.28108066
1887,171715652.79995605
1888,197480243.78348333
1889,201730771.8447264
1890,190441799.6082673
1891,150083392.759597
1892,361907604.8126718
1893,120675980.20594455
1894,457387552.015129
1895,128581653.95353909
1896,363679173.052441
1897,305395454.2329119
1898,245962706.36017153
1899,114867784.26757954
1900,151204427.02618676
1901,268763111.90742445
1902,156115613.5748655
1903,102743955.15879826
1904,193650598.98530987
1905,107648589.1977975
1906,208213399.32411548
1907,373905362.7308578
1908,279462131.20216656
1909,177426578.04016307
1910,380473243.3331386
1911,242509420.7851417
1912,368817369.8599851
1913,185795489.7919055
1914,319859787.6754615
1915,175751403.85366607
1916,142557539.426736
1917,146870581.44370252
1918,205959801.268674
1919,97953677.69034462
1920,87915149.88116936
1921,147070877.93382528
1922,155467162.96192133
1923,151758371.6122038
1924,185057098.14914438
1925,166528242.91301337
1926,165786276.65389928
1927,148969714.10601807
1928,371236371.8340303
1929,139313976.54504064
1930,174457868.3054649
1931,144426896.033323
1932,150193837.88496304
1933,271087051.7851694
1934,136841861.4229992
1935,110396310.34361964
1936,233958467.05551523
1937,208925140.26117307
1938,213297782.73815715
1939,123494671.38597363
1940,119600706.24450848
1941,300865244.94600874
1942,170981340.64446783
1943,251578631.07767624
1944,271357011.8508654
1945,203602414.86043817
1946,244135883.569992
1947,154301269.34483108
1948,214729235.95796105
1949,184360409.02624774
1950,198931853.14189196
1951,198764340.4984118
1952,142848901.8383465
1953,154013024.41627693
1954,147014441.5775724
1955,184022748.30007124
1956,120611722.61082004
1957,140793017.23710543
1958,227245635.76281413
1959,221344300.37548348
1960,215132811.95888653
1961,111567916.42906745
1962,184711746.9389354
1963,172125664.13556132
1964,219600753.93619728
1965,180775097.0178531
1966,208397138.85351303
1967,206334636.46005726
1968,108835953.58407854
1969,113393024.27954435
1970,338052377.9998599
1971,177346110.7828326
1972,245783445.24847335
1973,312077300.3766338
1974,334483647.3132126
1975,208642767.8591767
1976,169178490.06761196
1977,231980148.80329546
1978,158955840.258255
1979,145074012.62989366
1980,231297980.964532
1981,116555937.80736753
1982,148292689.3686767
1983,153535038.7887827
1984,227080962.72365952
1985,142401545.6869773
1986,517110247.10539603
1987,174935919.13219208
1988,402099486.5060076
1989,297772075.1039244
1990,225776704.4540369
1991,177994932.9982643
1992,175181843.18257728
1993,108442765.11593992
1994,307298083.74001914
1995,226455347.9081744
1996,349211629.6648244
1997,192805150.52092448
1998,186415327.68141076
1999,367754285.38872
2000,155126675.17602262
2001,336841669.00888765
2002,164127346.7433601
2003,149397176.89443734
2004,110625887.57466497
2005,140130850.4995577
2006,216351654.13958424
2007,220003960.6465834
2008,234148928.56591043
2009,229940852.97382846
2010,131701738.03586122
2011,228869437.4947992
2012,220961175.44825864
2013,158386576.3456096
2014,205778336.39096949
2015,239108323.04947963
2016,126226350.0014975
2017,254249169.5369452
2018,190222065.97085878
2019,131486058.9842136
2020,330319199.61864805
2021,161061181.42470703
2022,274864917.8907796
2023,203960494.39960623
2024,97407656.24233423
2025,128651900.95734808
2026,188257088.06341594
2027,197766223.92960423
2028,166156471.39621788
2029,193445949.13451567
2030,247467807.15070516
2031,269933944.4734353
2032,117522428.02821255
2033,177733374.82402566
2034,234695217.04526675
2035,107320067.50576842
2036,312714559.5218371
2037,110273770.98115596
2038,184816777.84498048
2039,178750346.91359544
2040,142034090.39013797
2041,269849782.23970854
2042,202164217.0677594
2043,300229786.08902025
2044,271780548.3903473
2045,171868894.22480085
2046,139968833.09964293
2047,400775239.8222804
2048,146108791.11755395
2049,250075230.12399814
2050,169611595.65032682
2051,241819338.1127512
2052,209745029.37380868
2053,190247342.23889983
2054,214525286.8897229
2055,173821475.33399022
2056,153576652.29540503
2057,152763415.43379098
2058,151879206.4415541
2059,198534148.92676234
2060,156425731.88251552
2061,176587028.05971977
2062,146846475.51838
2063,273244148.31812984
2064,207271145.00134203
2065,240078818.5657726
2066,174000160.24300197
2067,209937530.63064784
2068,279883534.4239792
2069,131886883.26439655
2070,146237314.43200108
2071,135424893.87228754
2072,125561223.2492992
2073,169911204.96832055
2074,160721854.31983152
2075,127723936.83445883
2076,195345048.19810158
2077,130934073.7096211
2078,277888005.90944356
2079,122478462.81488755
2080,134687724.3561003
2081,169019669.19701555
2082,108167848.7225101
2083,279706680.14524615
2084,210368092.00634286
2085,192859158.02198538
2086,130116374.78263454
2087,205111143.35413155
2088,302446913.5157133
2089,237966798.30212054
2090,249029185.12623996
2091,195168753.7128193
2092,292597505.0552648
2093,206562845.56804362
2094,140456725.93112677
2095,174306250.32385603
2096,194872670.28772557
2097,166758401.98965997
2098,217563747.85764542
2099,144255827.87606686
2100,202760994.5475001
2101,119272832.90941323
2102,174257465.96696192
2103,257000421.83560893
2104,267047605.69940865
2105,159311427.72689626
2106,467793567.1026627
2107,609852602.4706995
2108,188645489.0169978
2109,410170911.8771903
2110,104405432.73844612
2111,253229775.33574086
2112,268815039.0559601
2113,288239890.20122695
2114,171994091.259465
2115,175323060.87792206
2116,141068987.36374852
2117,161766405.77562758
2118,354213720.6555506
2119,204288228.79144865
2120,253820454.61593303
2121,219942698.23126975
2122,183280646.21036467
2123,194044871.22401667
2124,249976029.71719354
2125,196417781.08599952
2126,155856272.68461347
2127,146486440.38656148
2128,189082600.8434874
2129,197722724.33471817
2130,126111195.85665782
2131,357634177.1627174
2132,161318906.03532353
2133,240957446.39499673
2134,179285986.61429343
2135,208628373.55876812
2136,318039448.6147831
2137,182333448.98874235
2138,137905029.48273033
2139,352769318.0136947
2140,266498311.0224538
2141,207285233.2958776
2142,161844024.3896514
2143,139858199.98274556
2144,218684990.164604
2145,205265544.14762515
2146,125365314.39585768
2147,179209804.16312435
2148,134435155.85427627
2149,205272368.3009682
2150,294489210.0577859
2151,195386259.28567547
2152,240350268.62872073
2153,185108923.61948517
2154,125321440.85932043
2155,170434828.91432524
2156,239489331.41618264
2157,198948862.7816128
2158,210721555.14424297
2159,165404655.0030906
2160,190051384.44554752
2161,318259620.4142454
2162,84944642.94548713
2163,171742193.35212663
2164,139651602.0449177
2165,211996651.33029124
2166,337322262.22917354
2167,131781958.8263338
2168,629232372.5065049
2169,261549240.22667348
2170,239082094.01149344
2171,190640685.95795947
2172,142581460.85454112
2173,156744512.35621563
2174,156718299.92098302
2175,204899957.0838763
2176,281054381.0741772
2177,231286474.82779908
2178,182227739.25755772
2179,238324645.175537
2180,217060610.78562257
2181,394522266.0580057
2182,194841786.9260031
2183,147515738.58098304
2184,223040525.20013428
2185,185374571.77630866
2186,253177377.61891264
2187,128307699.89104828
2188,477361296.14979357
2189,350403331.43146646
2190,201611004.34872368
2191,194610186.71472982
2192,147795724.79613614
2193,182516142.92194402
2194,264715583.77826568
2195,141649293.77172506
2196,157579343.1417531
2197,176136704.1413315
2198,279262925.37283945
2199,255006349.20732403
2200,122840043.91063236
2201,253396045.93951672
2202,112940208.02111135
2203,191964429.86817634
2204,256051962.34503374
2205,169383032.31534106
2206,188900595.01474944
2207,149439929.21257204
2208,92849510.19390537
2209,173376770.61717516
2210,241982310.62677923
2211,108870659.2433424
2212,275725278.52971476
2213,250108197.71017304
2214,243536866.25777635
2215,310342258.8636231
2216,248967351.48275468
2217,149969773.56497276
2218,314726296.02680546
2219,172435136.964615
2220,163023751.24214116
2221,284395274.3689482
2222,110196858.0510735
2223,186459535.3212292
2224,156210055.3831544
2225,275469262.00943977
2226,110253684.75706613
2227,297960708.683812
2228,171650142.1305384
2229,322037018.5516179
2230,202070940.8575049
2231,167379023.97114414
2232,153536157.1380467
2233,200602110.40423805
2234,420497893.9002941
2235,192829098.5909338
2236,457061772.67211694
2237,270907377.48224497
2238,217380761.1629243
2239,253445010.65091294
2240,242460327.729234
2241,155493412.181928
2242,171824285.57815233
2243,154498980.81758153
2244,165906218.2438229
2245,174629842.66193935
2246,252901256.30848685
2247,297777614.68465143
2248,230900723.2463171
2249,215422246.11109367
2250,155809417.9522255
2251,296564858.3697089
2252,265436328.32252747
2253,162988976.98099625
2254,237763745.18958285
2255,389063983.7459476
2256,140422856.3645993
2257,188197984.1873285
2258,241383923.12255573
2259,191516936.51329833
2260,218208081.84997192
2261,144281668.54347342
2262,124895617.13323647
2263,187010750.55573073
2264,167859347.27608302
2265,103727182.86978339
2266,172949289.69715005
2267,144545140.4994749
2268,462116246.76469445
2269,332376449.8004248
2270,120529517.04024203
2271,200342535.29407325
2272,176144423.8731672
2273,157704919.2891989
2274,223371929.16653278
2275,280397688.4813521
2276,162266500.16563717
2277,190410518.29348475
2278,198052294.6559628
2279,376641833.7365363
2280,171418672.04130048
2281,196239647.94156322
2282,202551309.18573198
2283,302820588.92743325
2284,116056509.31876905
2285,182690943.62226325
2286,228826626.65757018
2287,390450923.7595462
2288,209739914.64410695
2289,159063727.70094222
2290,292377570.68393576
2291,183745829.60599136
2292,173152119.7114448
2293,301312800.95383346
2294,163781716.89717704
2295,188164017.2342764
2296,169035365.74892348
2297,149483403.92548418
2298,151067886.5417247
2299,175304008.21250227
2300,288068394.08683944
2301,187181582.05248892
2302,198432840.71703288
2303,221323327.80063608
2304,168739277.14983192
2305,127582979.85378636
2306,193907571.21416605
2307,129454341.90469263
2308,178151054.58248338
2309,117609008.64904507
2310,178848525.8077062
2311,255662160.21081167
2312,196498973.22416654
2313,150904260.016749
2314,167863011.83270988
2315,220667491.56515673
2316,168908957.2849214
2317,185246958.2037613
2318,123037074.27325235
2319,189093928.7605809
2320,158953767.4660623
2321,415258864.03068584
2322,162798557.1750763
2323,216490093.52524227
2324,252583424.18314016
2325,150893325.56911802
2326,227510113.19141915
2327,175295681.33258137
2328,147057215.0847955
2329,171336026.12091407
2330,252684471.33615425
2331,163442501.00583842
2332,125455665.08470623
2333,183664049.80363286
2334,147651332.06195727
2335,155314407.71403039
2336,246064414.4092813
2337,216289131.35253388
2338,149514553.43349704
2339,170738811.77613524
2340,147354147.30068567
2341,425888231.17305934
2342,187601590.75658715
2343,204915984.89529312
2344,254141453.46154904
2345,145952570.9658655
2346,318109669.0597469
2347,337181595.20002365
2348,212961589.0159448
2349,203818187.7534279
2350,186124473.87469602
2351,148957752.41666365
2352,208967453.8944752
2353,157263322.75787878
2354,103783882.01326281
2355,318297404.6703758
2356,146560890.17946067
2357,169878135.08250564
2358,132345278.40680045
2359,215721998.48912355
2360,114235475.24472724
2361,151198054.02517408
2362,213834855.63830796
2363,187596691.94260877
2364,107397632.14970958
2365,189844378.59073633
2366,256786228.11850297
2367,128571540.7468118
2368,152323595.09096387
2369,148126887.68338245
2370,264897937.11368164
2371,165268106.42146483
2372,351453217.42618996
2373,137308440.5045874
2374,226964343.55102333
2375,173461500.3890045
2376,189225407.78045365
2377,200032653.48962635
2378,174754614.35750264
2379,161691802.0847067
2380,246555695.4492929
2381,522996211.7316777
2382,228021578.44087258
2383,231257568.59963304
2384,167617160.25133198
2385,250455566.0602133
2386,132272065.96500218
2387,315105874.91183853
2388,232585959.87448403
2389,173031050.47176498
2390,252315992.74074292
2391,173736186.50010878
2392,166567280.78779185
2393,269307353.2072726
2394,250068515.75457138
2395,161660196.053197
2396,253715461.68142018
2397,347618842.9055302
2398,335143086.8672383
2399,174381387.2266119
2400,144500721.7509219
2401,249341658.8991327
2402,194752063.14691588
2403,219707491.29137304
2404,157596834.70887414
2405,133749771.42457104
2406,279928623.568212
2407,96009983.29617351
2408,196777743.25935245
2409,203974943.22550514
2410,345536050.37917656
2411,201107326.1001527
2412,133533097.60012081
2413,127318168.01526536
2414,176306058.42826268
2415,161943020.8382034
2416,171163472.56642395
2417,384585295.8049351
2418,195295931.5196617
2419,225303270.2968002
2420,199529902.38037002
2421,120819353.91604982
2422,103064231.93879892
2423,245157510.8249142
2424,152516693.0664787
2425,209059391.16639242
2426,150685821.46067777
2427,277968289.59707826
2428,213269730.22522482
2429,234148791.9629603
2430,245499547.44792873
2431,271111935.07005113
2432,131523974.0357126
2433,125486028.01939893
2434,231467141.1905884
2435,149771055.61267394
2436,106127595.21151124
2437,241324627.38210246
2438,124387009.78731109
2439,186559452.3622121
2440,182025346.04993677
2441,115588517.55959688
2442,367265505.86503494
2443,309657166.94370514
2444,413322257.85823154
2445,225918663.6596501
2446,124231597.10928656
2447,223680369.06637073
2448,358529772.3633735
2449,200458560.60911945
2450,159569437.72273126
2451,359311468.42454374
2452,242768336.74107957
2453,219014584.03534755
2454,178308276.11413446
2455,213056381.8133706
2456,238464670.47466657
2457,323105388.5029789
2458,235153751.51404202
2459,302708120.463081
2460,144650912.55471307
2461,178508597.04264417
2462,212781029.93703663
2463,170087299.49169376
2464,164569850.6014668
2465,109401882.91900364
2466,121183209.26817004
2467,204005118.85969368
2468,187114312.6252848
2469,221945542.70806304
2470,348766204.3677294
2471,241887663.53501555
2472,212516349.34164587
2473,189106562.8646118
2474,262167989.0748746
2475,261080021.93284065
2476,253477570.0228297
2477,313430714.9305846
2478,238834230.1279753
2479,184002010.2120859
2480,216614733.13315475
2481,204699445.91647664
2482,192977346.92628708
2483,129450356.81873403
2484,252370276.94339815
2485,113817107.76721507
2486,118163919.75038414
2487,367245114.2654486
2488,253983575.34431785
2489,335855668.7578387
2490,307127756.45973533
2491,199178770.9568275
2492,175965899.29947725
2493,423639772.7621388
2494,115387243.05407436
2495,293935013.72345746
2496,178305833.76301268
2497,164586187.5243425
2498,137163557.33661968
2499,177866752.73640135
2500,290657038.75063914
2501,122370936.30275181
2502,140913733.26495188
2503,93391844.44392222
2504,195258261.66960457
2505,168131622.69381306
2506,210197520.40285495
2507,212838906.73306876
2508,255657084.54641613
2509,159878001.56183925
2510,194481243.75539082
2511,386285193.37212515
2512,144903543.34183705
2513,186112298.6091051
2514,255302157.90649426
2515,187149428.1908115
2516,122588754.15145282
2517,177026418.3797147
2518,159761302.27517974
2519,200058699.24516135
2520,158243781.7594126
2521,132078971.83658616
2522,173535671.4179379
2523,655598586.2572072
2524,203541515.55290002
2525,203434581.47287583
2526,183876189.911899
2527,183019248.96521616
2528,146042505.53868636
2529,375561497.1395366
2530,172745952.7849919
2531,123573590.24792287
2532,209566065.89000732
2533,165620192.20534837
2534,276491809.9761555
2535,284465109.3021329
2536,165580536.15254807
2537,174997013.033805
2538,179277448.46551746
2539,146513664.07031238
2540,123512050.78585476
2541,194774071.87588906
2542,184926850.3346557
2543,344001497.996425
2544,264272303.81749982
2545,216030608.05062485
2546,760500418.6432846
2547,239580505.65843302
2548,256450575.48121142
2549,280354303.2350988
2550,512174004.99017346
2551,122795894.29850487
2552,213375880.11716184
2553,260386424.42219347
2554,224701563.48558447
2555,191650533.74919266
2556,217387034.72344813
2557,171985720.243889
2558,509073084.4361363
2559,119650934.33285505
2560,246271843.9951321
2561,387688748.3990112
2562,217229702.69439068
2563,160102197.07607535
2564,129761812.75452767
2565,180091338.84061864
2566,387717755.27480096
2567,197742489.94087684
2568,178416543.47198322
2569,110456312.80155818
2570,173266326.48574
2571,127706969.66439644
2572,132735221.99915622
2573,152050464.94358832
2574,186123770.24389985
2575,135919805.6730325
2576,165273229.06281605
2577,156624320.03715655
2578,243047279.932256
2579,135658192.13957834
2580,220340431.1912282
2581,180981830.36922926
2582,171934954.92615244
2583,131890937.73462994
2584,279510543.2033409
2585,216686151.41798913
2586,174036417.90552938
2587,159863130.14043707
2588,305279917.25291294
2589,249305519.1222221
2590,306845502.33605725
2591,177234782.2895291
2592,200226772.4311151
2593,167185574.43079016
2594,141510601.0951863
2595,299383745.8827985
2596,184048610.14777246
2597,322650790.31742644
2598,247277999.67455903
2599,197987943.49852774
2600,273348307.400482
2601,383367863.7123642
2602,331600685.8564376
2603,183861995.39614624
2604,472158988.9606203
2605,273988144.98187613
2606,166922371.1604753
2607,166579974.15842584
2608,278166153.4254024
2609,164747479.4784828
2610,313756565.04485303
2611,102345622.22354797
2612,213520339.77298135
2613,215094389.70140564
2614,181565819.8071625
2615,384988211.65443385
2616,236929699.88324416
2617,181472967.90826723
2618,211445516.73133874
2619,238335303.78760055
2620,191811441.0312412
2621,173079622.72614118
2622,198462030.61842245
2623,161733878.41945615
2624,185443348.46471527
2625,405248943.0443333
2626,210587864.50658476
2627,177163133.72140026
2628,155934031.97002986
2629,288932992.38355595
2630,401078456.21485
2631,156503243.75163704
2632,207562416.51223424
2633,326827932.32212514
2634,291568901.60030234
2635,276982669.6911268
2636,455460217.5562852
2637,169549523.17463773
2638,151984757.8307523
2639,321944060.1994448
2640,147621074.8520117
2641,162603841.92168525
2642,92881971.98442426
2643,210955884.41783625
2644,167972147.1992394
2645,175948094.55299786
2646,250913989.85085052
2647,233239059.33193046
2648,196009729.9812322
2649,390914573.24470425
2650,106803950.96111387
2651,409437233.2586978
2652,192605154.94001234
2653,180102604.90710747
2654,144097629.3457657
2655,172825701.2203713
2656,210493970.6645009
2657,321595555.9971481
2658,138941814.1299796
2659,237055268.83133587
2660,172199658.455301
2661,473454099.2078534
2662,566713154.1712564
2663,264165047.7772742
2664,232970661.63871998
2665,301780739.61023724
2666,384763897.3253243
2667,170482891.66772902
2668,361318231.5290174
2669,282593959.9856597
2670,215202799.70756662
2671,217688420.91096646
2672,188402373.40006635
2673,149289141.94984734
2674,282958329.9368037
2675,179719262.99989748
2676,198932173.06392342
2677,195900937.2923351
2678,156732690.6769469
2679,216551774.27751973
2680,215511387.03593838
2681,154794883.55761227
2682,179022772.93319616
2683,205673510.3866719
2684,491858805.52543694
2685,167396039.84262168
2686,187980656.08873212
2687,237742170.71471846
2688,179271617.91965714
2689,145030202.559183
2690,205574773.04666808
2691,142289423.98351786
2692,192839317.43465316
2693,143365352.90533042
2694,121464405.21808176
2695,145772895.31044155
2696,167917966.194032
2697,243834420.53476238
2698,213561006.69616815
2699,137948477.04533547
2700,303162621.79810345
2701,275078561.7989458
2702,149595761.9983926
2703,236495461.88505793
2704,218920144.0176645
2705,386501586.772968
2706,159123519.95001167
2707,108906014.87662876
2708,128615705.47790998
2709,266787165.54101375
2710,197639767.29875997
2711,240029813.11636084
2712,324261234.5996987
2713,642837552.1237279
2714,254968508.23252177
2715,123937043.56846452
2716,441114408.1195454
2717,192115714.01779276
2718,204377261.197026
2719,209682667.3159337
2720,287173502.3405362
2721,490534229.84264344
2722,194158457.42196438
2723,716550898.3536446
2724,325298992.59787905
2725,296368991.5457951
2726,178188069.30376467
2727,233691668.51769826
2728,268285179.24706483
2729,199827531.2109628
2730,175973908.8052644
2731,111447752.7543812
2732,147889851.20255026
2733,160119754.15920365
2734,205352933.90792137
2735,181594612.55036408
2736,102386929.42008984
2737,246492449.24790326
2738,183875543.33041495
2739,393534003.5898388
2740,180954341.13091722
2741,292305494.02414066
2742,136258536.33254704
2743,153227347.6265453
2744,163085730.4279189
2745,195183029.6548313
2746,345039391.7404358
2747,206686766.14530808
2748,227889889.12596366
2749,262628650.49647138
2750,134929922.29188624
2751,170102626.72710252
2752,157372340.99041584
2753,201469195.79614723
2754,323348989.2854415
2755,178614875.2736929
2756,154732469.39784613
2757,296512599.8223642
2758,149956884.0277046
2759,263074259.10045716
2760,159905485.5803768
2761,223863650.62725747
2762,113738438.99298324
2763,89920115.74770287
2764,147098069.11109194
2765,281495100.36058384
2766,225862619.67146915
2767,147454277.25437054
2768,166218494.32001173
2769,178874981.96541598
2770,196392459.3664601
2771,143087370.9728402
2772,454732168.70486486
2773,230443398.38117877
2774,93123471.31470662
2775,153878548.33489177
2776,119656824.35474947
2777,924268195.7070694
2778,196197353.81672654
2779,116118591.4644729
2780,162564007.55659503
2781,150028286.07496598
2782,121801734.14854819
2783,167605845.388652
2784,321545639.3211412
2785,425525651.1381286
2786,169453420.74683124
2787,197110308.7145366
2788,161766532.55777216
2789,254124710.8842266
2790,413292526.9164272
2791,187251008.34682855
2792,124365611.03446828
2793,197412523.58825418
2794,166570066.94271338
2795,211659927.9966321
2796,164454371.99173304
2797,105291209.49079111
2798,228542837.24082917
2799,312285135.81618863
2800,193834306.91490337
2801,197079586.15717602
2802,186694689.73687246
2803,164194733.8879228
2804,187939228.29304507
2805,751995981.8347803
2806,168067254.2206616
2807,219662370.71134645
2808,253923420.62182522
2809,290159322.79135853
2810,161831342.33124894
2811,156849176.2853406
2812,222689305.6953601
2813,644353837.9229401
2814,155442827.85311386
2815,134179914.87659669
2816,141626125.53123364
2817,181143345.7057699
2818,220439124.54190534
2819,163381195.71992132
2820,157074986.91872454
2821,207154594.7237461
2822,183237226.95284224
2823,129812112.73983356
2824,202821708.7849942
2825,143522293.71037516
2826,190527825.85754
2827,154403221.59589067
2828,211697295.52139586
2829,184682240.38936836
2830,232596949.02012393
2831,124467345.68390721
2832,300810759.004133
2833,435181783.9696413
2834,223511880.694356
2835,118277508.21369931
2836,252071428.52585307
2837,229242623.4739339
2838,310350974.74656874
2839,150192972.14281386
2840,257364257.96128714
2841,280837259.6998317
2842,160153006.176849
2843,230882501.8314154
2844,258837864.36699805
2845,119068712.66928157
2846,136604669.79568335
2847,102202190.09593946
2848,289779612.67812
2849,254173187.81300217
2850,304132415.1612572
2851,211266321.30114615
2852,304773764.99976707
2853,161556967.01347926
2854,159176406.97123638
2855,134846840.27356833
2856,182197492.88897026
2857,313514347.38319814
2858,182697133.57046598
2859,334444485.3103045
2860,430105071.46634644
2861,130846652.0845471
2862,155476486.47873467
2863,131227663.97830921
2864,117843328.93455522
2865,525047046.40230954
2866,189706850.47691655
2867,207115565.1991928
2868,116092173.02696218
2869,398256475.38200206
2870,180193245.99079058
2871,498670298.56582344
2872,140035217.17824137
2873,206430486.20591995
2874,232153656.31747362
2875,320449063.6497182
2876,212446708.51118362
2877,230034758.18792453
2878,240594569.0032886
2879,224744544.31376404
2880,146418477.4890524
2881,130392064.37864521
2882,179303701.47846013
2883,122159119.36294143
2884,314484801.62814504
2885,200553263.57045445
2886,272064575.6922951
2887,713232126.2576898
2888,182863297.02459803
2889,276710071.1502159
2890,153019497.32897267
2891,172505588.50444666
2892,347391229.19208896
2893,135604112.47667083
2894,148594555.5521015
2895,196279629.16506755
2896,173985943.64407754
2897,261643251.2437762
2898,189185582.35586438
2899,200004164.62499806
2900,403220728.20748776
2901,673267255.5507073
2902,235512943.50733823
2903,214457540.86058488
2904,349867503.02965474
2905,298376752.34346443
2906,80966599.52280268
2907,262456170.30097088
2908,178909071.80648756
2909,137841848.5402089
2910,179705604.82233837
2911,141005917.85975498
2912,188109256.63505766
2913,187705371.79345787
2914,337026732.81329054
2915,219678903.6652092
2916,368115270.34389645
2917,233791834.99511194
2918,153699991.76732337
2919,348183804.37409675
2920,82598980.75966497
2921,152851025.95537296
2922,192419090.75469926
2923,159702384.724287
2924,248839588.98211664
2925,188909800.5130981
2926,112200415.12282997
2927,144494993.66053683
2928,191497577.54980633
2929,177766860.77842033
2930,175216784.78120622
2931,207717636.89423484
2932,394561321.2526567
2933,157011865.16682622
2934,349096689.9821277
2935,120042323.44750635
2936,122647225.85940763
2937,256088870.7512644
2938,290396163.826816
2939,342649230.4436032
2940,206762672.48633274
2941,184403006.85907525
2942,138607804.77609915
2943,182291189.62404454
2944,261008739.70880404
2945,143340236.22680548
2946,726467986.2159315
2947,211938794.91422102
2948,209820322.13880473
2949,460190292.4111937
2950,167874719.70801777
2951,150431476.2251969
2952,450227486.30674464
2953,182804074.85226443
2954,164107632.32293412
2955,416734426.4810616
2956,204120520.3095251
2957,201229430.58576074
2958,197591080.40477002
2959,199041284.45109907
2960,545289669.866881
2961,213161939.99204674
2962,147183672.00471938
2963,149466071.89362162
2964,299453590.87945
2965,242761177.58803797
2966,161516645.39958617
2967,160202950.9535683
2968,146753511.96550247
2969,166766917.38285655
2970,407992152.7752451
2971,155369019.00086284
2972,144691505.19731617
2973,136787223.6361285
2974,181932919.4043349
2975,170987566.66100755
2976,143164767.98844725
2977,84423992.1077597
2978,217428434.2271189
2979,223244667.3821678
2980,114803670.39996009
2981,198879946.25747725
2982,253880520.84322038
2983,326811634.12361586
2984,182910854.4133088
2985,141019266.5622418
2986,175031410.29890338
2987,191077257.59709093
2988,186327912.98513782
2989,185140760.29460528
2990,314248991.4906975
2991,176762835.90890816
2992,183845042.4803682
2993,251305526.31929252
2994,164799342.47658876
2995,164834559.32738334
2996,226612873.05417445
2997,175085934.97261426
2998,158601485.3945094
2999,265724123.48560712
