,0,1,2,3,4,5,6,7,8,9,10,11,12,13,14,15,16,17,18,19,20,21,22,23,24,25,26,27,28,29,30,31,32,33,34,35,36,37,38,39,40,41,42,43,44,45,46,47,48,49
0,0.04028197381671702,0.0553877139979859,0.0025176233635448137,0.002014098690835851,0.019133937562940583,0.006545820745216516,0.006545820745216516,0.06445115810674723,0.0,0.007049345417925478,0.012588116817724069,0.0005035246727089627,0.015609264853977844,0.04179254783484391,0.035246727089627394,0.013091641490433032,0.0473313192346425,0.017119838872104734,0.022155085599194362,0.048841893252769386,0.024672708962739175,0.010574018126888218,0.006545820745216516,0.0,0.01812688821752266,0.007049345417925478,0.032225579053373615,0.006545820745216516,0.04582074521651561,0.06445115810674723,0.003524672708962739,0.0,0.028700906344410877,0.004531722054380665,0.008559919436052367,0.006545820745216516,0.003524672708962739,0.026183282980866064,0.08006042296072508,0.006545820745216516,0.0030211480362537764,0.03323262839879154,0.013595166163141994,0.006042296072507553,0.0005035246727089627,0.08157099697885196,0.0,0.0,0.01863041289023162,0.0010070493454179255
1,0.045576407506702415,0.002924689251767,0.022422617596880332,0.0,0.00511820619059225,0.08457226419692908,0.11406288081891298,0.0038995856690226664,0.0,0.022178893492566416,0.0,0.0,0.0,0.008530343650987083,0.021447721179624665,0.06556178406044358,0.0009748964172556666,0.02559103095296125,0.00024372410431391665,0.04411406288081891,0.017060687301974166,0.0,0.07921033390202291,0.0,0.11406288081891298,0.0,0.0,0.014867170363148916,0.00073117231294175,0.011211308798440166,0.0,0.0,0.004387033877650499,0.00024372410431391665,0.005605654399220083,0.03387765049963441,0.003168413356080916,0.0017060687301974165,0.009748964172556666,0.0009748964172556666,0.03899585669022666,0.0365586156470875,0.1245430173044114,0.016329514989032415,0.0,0.0038995856690226664,0.0,0.0,0.013161101632951498,0.0024372410431391664
2,0.0,0.0,0.0,0.20388349514563106,0.0,0.0,0.0,0.0,0.0,0.0,0.11650485436893204,0.0,0.0,0.0,0.0,0.0,0.019417475728155338,0.0,0.009708737864077669,0.0,0.0,0.04854368932038835,0.0,0.019417475728155338,0.0,0.0,0.038834951456310676,0.0,0.009708737864077669,0.0,0.08737864077669903,0.22330097087378642,0.009708737864077669,0.0,0.0,0.0,0.0,0.0,0.0,0.009708737864077669,0.0,0.0,0.0,0.0,0.06796116504854369,0.0,0.0,0.13592233009708737,0.0,0.0
3,0.057177615571776155,0.03527980535279805,0.0,0.0,0.07623682076236821,0.0036496350364963502,0.0202757502027575,0.0016220600162206002,0.00932684509326845,0.057177615571776155,0.00040551500405515005,0.0032441200324412004,0.0,0.0016220600162206002,0.03203568532035685,0.11192214111922141,0.004866180048661801,0.004460665044606651,0.019870235198702353,0.023114355231143552,0.08921330089213302,0.0,0.042984590429845905,0.0,0.021897810218978103,0.00202757502027575,0.00040551500405515005,0.008921330089213302,0.00202757502027575,0.036901865369018655,0.0,0.0,0.0016220600162206002,0.021897810218978103,0.00040551500405515005,0.0040551500405515,0.025952960259529603,0.017842660178426603,0.019464720194647202,0.0,0.0016220600162206002,0.01824817518248175,0.06609894566098945,0.10218978102189781,0.0008110300081103001,0.010948905109489052,0.0008110300081103001,0.0,0.00202757502027575,0.03933495539334955
4,0.0019455252918287938,0.04085603112840467,0.0,0.03501945525291829,0.007782101167315175,0.0019455252918287938,0.0,0.06420233463035019,0.0,0.0,0.08754863813229571,0.005836575875486381,0.027237354085603113,0.01556420233463035,0.007782101167315175,0.0,0.08365758754863813,0.0019455252918287938,0.04669260700389105,0.007782101167315175,0.007782101167315175,0.042801556420233464,0.0,0.0,0.0,0.06614785992217899,0.11284046692607004,0.0,0.08365758754863813,0.019455252918287938,0.04085603112840467,0.017509727626459144,0.019455252918287938,0.0,0.0019455252918287938,0.0038910505836575876,0.0019455252918287938,0.02529182879377432,0.033073929961089495,0.007782101167315175,0.0,0.005836575875486381,0.0,0.0,0.009727626459143969,0.0622568093385214,0.0,0.0,0.0,0.0019455252918287938
5,0.00829531314807134,0.0,0.09083367897138117,0.0008295313148071339,0.0,0.05226047283284944,0.011198672749896308,0.04977187888842804,0.0,0.0,0.0,0.0,0.043135628369970966,0.09954375777685608,0.0033181252592285357,0.0016590626296142678,0.0016590626296142678,0.07963500622148487,0.0008295313148071339,0.02861883036084612,0.0016590626296142678,0.014102032351721278,0.001244296972210701,0.0,0.022397345499792616,0.0,0.002488593944421402,0.00041476565740356696,0.010783907092492741,0.00829531314807134,0.00041476565740356696,0.0,0.015761094981335544,0.0,0.1808378266279552,0.006221484861053505,0.0,0.00041476565740356696,0.02488593944421402,0.10659477395271671,0.040647034425549566,0.018249688925756947,0.0033181252592285357,0.0,0.0,0.00829531314807134,0.0,0.0,0.061385317295727916,0.0
6,0.006944444444444444,0.011111111111111112,0.0,0.0,0.06666666666666667,0.0,0.002777777777777778,0.0,0.16944444444444445,0.05416666666666667,0.0,0.011111111111111112,0.0,0.0,0.002777777777777778,0.0625,0.0,0.0,0.013888888888888888,0.001388888888888889,0.0375,0.0,0.006944444444444444,0.0,0.001388888888888889,0.001388888888888889,0.0,0.002777777777777778,0.0,0.004166666666666667,0.0,0.0,0.0,0.07222222222222222,0.0,0.0,0.05555555555555555,0.0,0.001388888888888889,0.0,0.0,0.0,0.011111111111111112,0.15555555555555556,0.001388888888888889,0.0,0.03333333333333333,0.0,0.0,0.2125
7,0.0849034104459814,0.029573098020510374,0.004531361793465299,0.00023849272597185786,0.017171476269973767,0.023849272597185785,0.03243501073217267,0.017409968995945622,0.0007154781779155736,0.02122585261149535,0.00023849272597185786,0.0004769854519437157,0.0014309563558311473,0.03005008347245409,0.04364416885284999,0.041736227045075125,0.012640114476508467,0.03171953255425709,0.008347245409015025,0.08156451228237539,0.0515144288099213,0.0004769854519437157,0.02909611256856666,0.0,0.056045790603386596,0.0014309563558311473,0.0028619127116622945,0.006916289053183878,0.006439303601240162,0.059384688766992606,0.0004769854519437157,0.0,0.014786549010255187,0.0035773908895778677,0.007393274505127593,0.014786549010255187,0.005723825423324589,0.01669449081803005,0.05103744335797758,0.0019079418077748629,0.008108752683043167,0.05413784879561173,0.05056045790603387,0.016932983544001908,0.00023849272597185786,0.028380634390651086,0.0,0.0,0.021941330789410924,0.005246839971380873
8,0.03827751196172249,0.08038277511961722,0.0,0.0009569377990430622,0.11196172248803828,0.0,0.0009569377990430622,0.003827751196172249,0.01722488038277512,0.015311004784688996,0.005741626794258373,0.021052631578947368,0.0,0.0009569377990430622,0.01818181818181818,0.021052631578947368,0.0354066985645933,0.0,0.09856459330143541,0.010526315789473684,0.06507177033492823,0.0,0.0066985645933014355,0.0,0.005741626794258373,0.05741626794258373,0.015311004784688996,0.005741626794258373,0.013397129186602871,0.06028708133971292,0.0,0.0,0.0028708133971291866,0.0861244019138756,0.0,0.0028708133971291866,0.020095693779904306,0.04019138755980861,0.016267942583732056,0.0,0.0,0.007655502392344498,0.005741626794258373,0.028708133971291867,0.005741626794258373,0.03732057416267943,0.0009569377990430622,0.0,0.0019138755980861245,0.03349282296650718
9,0.0,0.010526315789473684,0.0,0.09473684210526316,0.0035087719298245615,0.0,0.0035087719298245615,0.028070175438596492,0.0,0.0,0.07017543859649122,0.0035087719298245615,0.11228070175438597,0.014035087719298246,0.0035087719298245615,0.0,0.04912280701754386,0.0,0.0,0.0,0.0,0.12982456140350876,0.0,0.0,0.0,0.028070175438596492,0.11578947368421053,0.0,0.08771929824561403,0.010526315789473684,0.11929824561403508,0.03508771929824561,0.010526315789473684,0.0,0.0,0.0,0.0,0.0035087719298245615,0.007017543859649123,0.021052631578947368,0.0,0.0035087719298245615,0.0,0.0,0.0035087719298245615,0.021052631578947368,0.0,0.007017543859649123,0.0035087719298245615,0.0
10,0.008409250175192713,0.000350385423966363,0.24597056762438682,0.0,0.000350385423966363,0.1997196916608269,0.049754730203223546,0.003854239663629993,0.0,0.001051156271899089,0.0,0.0,0.002102312543798178,0.02908199018920813,0.001051156271899089,0.001751927119831815,0.0,0.07042747021723897,0.0,0.02452697967764541,0.000700770847932726,0.0,0.00700770847932726,0.0,0.055711282410651715,0.0,0.0,0.001051156271899089,0.000350385423966363,0.002102312543798178,0.0,0.0,0.002452697967764541,0.0,0.08654519971969166,0.017869656622284513,0.0,0.0,0.005255781359495445,0.010161177295024528,0.10371408549404344,0.012613875262789068,0.01751927119831815,0.0,0.0,0.000700770847932726,0.0,0.0,0.0378416257883672,0.0
11,0.06140535978054442,0.013082928887951045,0.022789618062882464,0.0,0.007174509390166702,0.060561299852289516,0.04684532601814729,0.020257438278117747,0.0,0.011605824013504958,0.0,0.0,0.0033762397130196243,0.046001266089892384,0.03376239713019624,0.019835408313990294,0.00422029964127453,0.061616374762608145,0.0014771048744460858,0.08503903777168179,0.02532179784764718,0.0016881198565098122,0.025743827811774637,0.0,0.07258915382992193,0.00042202996412745304,0.0016881198565098122,0.007807554336357881,0.0103397341211226,0.03988183161004431,0.00021101498206372652,0.0,0.01624815361890694,0.0014771048744460858,0.02489976788351973,0.01688119856509812,0.0010550749103186326,0.00844059928254906,0.04684532601814729,0.012449883941759865,0.0206794682422452,0.05655201519307871,0.0422029964127453,0.007385524372230428,0.0,0.022367588098755012,0.0,0.0,0.03629457691496096,0.0014771048744460858
12,0.02466367713004484,0.028400597907324365,0.0,0.0,0.10014947683109118,0.0,0.004484304932735426,0.0014947683109118087,0.052316890881913304,0.04783258594917788,0.0007473841554559044,0.01195814648729447,0.0,0.0,0.01569506726457399,0.08221225710014948,0.004484304932735426,0.0014947683109118087,0.02765321375186846,0.008968609865470852,0.10014947683109118,0.0,0.01943198804185351,0.0,0.006726457399103139,0.0037369207772795215,0.0007473841554559044,0.006726457399103139,0.0007473841554559044,0.02092675635276532,0.0,0.0,0.0007473841554559044,0.06651718983557549,0.0,0.00523168908819133,0.03662182361733931,0.016442451420029897,0.004484304932735426,0.0,0.0007473841554559044,0.004484304932735426,0.02914798206278027,0.13901345291479822,0.0,0.004484304932735426,0.007473841554559043,0.0,0.0007473841554559044,0.11210762331838565
13,0.005877413937867338,0.007556675062972292,0.0041981528127623844,0.009235936188077247,0.0,0.0033585222502099076,0.0016792611251049538,0.10663308144416457,0.0,0.0,0.008396305625524769,0.0,0.1309823677581864,0.07976490344248531,0.009235936188077247,0.0,0.018471872376154493,0.015113350125944584,0.0008396305625524769,0.022670025188916875,0.0008396305625524769,0.08396305625524769,0.0008396305625524769,0.0,0.0016792611251049538,0.0,0.03442485306465155,0.0,0.08312342569269521,0.01343408900083963,0.04450041981528128,0.0033585222502099076,0.0436607892527288,0.0008396305625524769,0.04617968094038623,0.0033585222502099076,0.0,0.0033585222502099076,0.03190596137699412,0.10579345088161209,0.0033585222502099076,0.007556675062972292,0.0,0.0,0.0,0.03610411418975651,0.0,0.0008396305625524769,0.02686817800167926,0.0
14,0.032357043235704326,0.00697350069735007,0.03207810320781032,0.0002789400278940028,0.0019525801952580196,0.059414225941422594,0.03207810320781032,0.049372384937238493,0.0,0.002789400278940028,0.0002789400278940028,0.0,0.012831241283124128,0.08284518828451883,0.0200836820083682,0.006136680613668061,0.004741980474198048,0.08256624825662483,0.0005578800557880056,0.07252440725244072,0.007810320781032078,0.006136680613668061,0.008647140864714086,0.0,0.04407252440725244,0.0002789400278940028,0.0041841004184100415,0.002789400278940028,0.01896792189679219,0.02092050209205021,0.0005578800557880056,0.0,0.025383542538354256,0.0005578800557880056,0.0708507670850767,0.014783821478382147,0.001394700139470014,0.005299860529986053,0.05439330543933055,0.03598326359832636,0.031799163179916316,0.04686192468619247,0.017294281729428172,0.0011157601115760112,0.0,0.02203626220362622,0.0,0.0,0.05801952580195258,0.0
15,0.02118351370020723,0.0009210223347916187,0.10545705733364034,0.0,0.0,0.1572645636656689,0.05871517384296569,0.012894312687082661,0.0,0.0018420446695832373,0.0,0.0,0.002302555836979047,0.04812341699286208,0.005986645176145521,0.008519456596822473,0.0009210223347916187,0.09118121114437025,0.00046051116739580933,0.06239926318213217,0.00391434492286438,0.0011512779184895234,0.011512779184895234,0.0,0.08035919871056874,0.0,0.0,0.00046051116739580933,0.002072300253281142,0.008058945429426664,0.0,0.0,0.008519456596822473,0.0,0.06216900759843426,0.02118351370020723,0.0,0.0011512779184895234,0.01911121344692609,0.014506101772967994,0.06815565277457979,0.03016348146442551,0.030393737048123416,0.0009210223347916187,0.0,0.005986645176145521,0.0,0.0,0.052037761915726455,0.0
16,0.0,0.0,0.0,0.25,0.0,0.0,0.0,0.0,0.0,0.0,0.0,0.0,0.0,0.0,0.0,0.0,0.0,0.0,0.0,0.0,0.0,0.0,0.0,0.25,0.0,0.0,0.0,0.0,0.0,0.0,0.08333333333333333,0.3333333333333333,0.0,0.0,0.0,0.0,0.0,0.0,0.0,0.0,0.0,0.0,0.0,0.0,0.0,0.0,0.0,0.08333333333333333,0.0,0.0
17,0.004936530324400564,0.0021156558533145277,0.009167842031029619,0.003526093088857546,0.0007052186177715092,0.006346967559943582,0.0028208744710860366,0.11142454160789844,0.0,0.0,0.0014104372355430183,0.0,0.10648801128349789,0.10930888575458392,0.006346967559943582,0.0,0.010578279266572637,0.036671368124118475,0.0007052186177715092,0.018335684062059238,0.0007052186177715092,0.06417489421720733,0.0021156558533145277,0.0,0.004936530324400564,0.0007052186177715092,0.019746121297602257,0.0,0.0535966149506347,0.005641748942172073,0.021156558533145273,0.0014104372355430183,0.036671368124118475,0.0,0.08110014104372355,0.004231311706629055,0.0,0.0028208744710860366,0.029619181946403384,0.14104372355430184,0.00846262341325811,0.011283497884344146,0.0014104372355430183,0.0,0.0,0.028208744710860368,0.0,0.0,0.05007052186177715,0.0
18,0.060714285714285714,0.07142857142857142,0.0,0.001530612244897959,0.050510204081632655,0.0066326530612244895,0.004591836734693878,0.02040816326530612,0.001530612244897959,0.01989795918367347,0.006122448979591836,0.00816326530612245,0.0020408163265306124,0.015816326530612244,0.04591836734693878,0.027040816326530614,0.037244897959183676,0.01020408163265306,0.04183673469387755,0.03010204081632653,0.07908163265306123,0.0,0.017346938775510204,0.0,0.014285714285714285,0.017857142857142856,0.015816326530612244,0.00816326530612245,0.0163265306122449,0.075,0.0,0.0,0.01479591836734694,0.02142857142857143,0.0020408163265306124,0.004591836734693878,0.01020408163265306,0.04336734693877551,0.04285714285714286,0.001530612244897959,0.0,0.02295918367346939,0.020918367346938777,0.024489795918367346,0.0010204081632653062,0.061224489795918366,0.0005102040816326531,0.0,0.0066326530612244895,0.015816326530612244
19,0.046824700029265434,0.009657594381035996,0.00556043312847527,0.0,0.012876792508047996,0.044190810652619254,0.08721100380450687,0.001755926251097454,0.001170617500731636,0.043898156277436345,0.0,0.0,0.0,0.0038045068773778167,0.02575358501609599,0.13842551946151596,0.000585308750365818,0.010242903131401814,0.0014632718759145448,0.03453321627158326,0.03424056189640035,0.0,0.09189347380743342,0.0,0.07609013754755634,0.000292654375182909,0.000292654375182909,0.014047410008779631,0.000877963125548727,0.016388645010242904,0.0,0.0,0.001755926251097454,0.001755926251097454,0.000292654375182909,0.01990049751243781,0.008194322505121452,0.0052677787532923615,0.008486976880304361,0.0,0.012291483757682178,0.024582967515364356,0.13901082821188177,0.056189640035118525,0.0,0.002048580626280363,0.0,0.0,0.006145741878841089,0.01199882938249927
20,0.019280205655526992,0.10154241645244216,0.0,0.010282776349614395,0.03984575835475578,0.0,0.0,0.012853470437017995,0.002570694087403599,0.010282776349614395,0.038560411311053984,0.021850899742930592,0.002570694087403599,0.006426735218508998,0.017994858611825194,0.005141388174807198,0.10411311053984576,0.002570694087403599,0.08997429305912596,0.017994858611825194,0.02956298200514139,0.002570694087403599,0.0012853470437017994,0.0,0.0,0.07197943444730077,0.04113110539845758,0.0012853470437017994,0.03598971722365039,0.060411311053984576,0.002570694087403599,0.002570694087403599,0.008997429305912597,0.037275064267352186,0.0,0.0012853470437017994,0.011568123393316195,0.04627249357326478,0.042416452442159386,0.0,0.0,0.006426735218508998,0.002570694087403599,0.014138817480719794,0.010282776349614395,0.060411311053984576,0.0,0.0,0.0,0.005141388174807198
21,0.022277227722772276,0.041254125412541254,0.0,0.00825082508250825,0.017326732673267328,0.004125412541254125,0.0008250825082508251,0.06848184818481848,0.0,0.0049504950495049506,0.022277227722772276,0.0024752475247524753,0.019801980198019802,0.040429042904290426,0.018151815181518153,0.0049504950495049506,0.07755775577557755,0.012376237623762377,0.010726072607260726,0.028052805280528052,0.013201320132013201,0.033003300330033,0.0008250825082508251,0.0,0.0008250825082508251,0.020627062706270627,0.0627062706270627,0.0016501650165016502,0.09158415841584158,0.05033003300330033,0.01485148514851485,0.0016501650165016502,0.04455445544554455,0.0033003300330033004,0.01155115511551155,0.0008250825082508251,0.0008250825082508251,0.028052805280528052,0.05528052805280528,0.02392739273927393,0.0,0.01485148514851485,0.0024752475247524753,0.0,0.0024752475247524753,0.10478547854785479,0.0,0.0008250825082508251,0.009900990099009901,0.0008250825082508251
22,0.01772853185595568,0.0221606648199446,0.002770083102493075,0.002770083102493075,0.00443213296398892,0.009972299168975069,0.00221606648199446,0.0886426592797784,0.0,0.000554016620498615,0.010526315789473684,0.000554016620498615,0.0371191135734072,0.08421052631578947,0.01551246537396122,0.00110803324099723,0.040997229916897505,0.027700831024930747,0.006094182825484765,0.0443213296398892,0.009418282548476454,0.032686980609418284,0.002770083102493075,0.0,0.007202216066481994,0.007202216066481994,0.04155124653739612,0.00221606648199446,0.07534626038781163,0.03656509695290859,0.013850415512465374,0.00110803324099723,0.05484764542936288,0.00110803324099723,0.016066481994459834,0.002770083102493075,0.00110803324099723,0.016066481994459834,0.0742382271468144,0.033795013850415515,0.003878116343490305,0.026592797783933517,0.006094182825484765,0.0016620498614958448,0.0,0.07922437673130193,0.0,0.0,0.0332409972299169,0.0
23,0.032015065913371,0.011676082862523541,0.010546139359698682,0.0022598870056497176,0.004896421845574388,0.020338983050847456,0.00903954802259887,0.09001883239171375,0.0,0.0015065913370998117,0.004143126177024482,0.0,0.029001883239171376,0.09981167608286252,0.02448210922787194,0.005273069679849341,0.02448210922787194,0.04783427495291902,0.0026365348399246705,0.0647834274952919,0.008662900188323917,0.01657250470809793,0.005649717514124294,0.0,0.019962335216572504,0.003389830508474576,0.01807909604519774,0.0022598870056497176,0.04406779661016949,0.0327683615819209,0.004896421845574388,0.0,0.040301318267419964,0.0003766478342749529,0.03653483992467043,0.007532956685499058,0.0011299435028248588,0.008286252354048965,0.07570621468926554,0.03088512241054614,0.007532956685499058,0.029001883239171376,0.010169491525423728,0.0007532956685499058,0.0,0.05687382297551789,0.0,0.0,0.05386064030131827,0.0
24,0.0,0.02127659574468085,0.0,0.010638297872340425,0.010638297872340425,0.0,0.0,0.0,0.0425531914893617,0.0,0.0,0.30851063829787234,0.0,0.0,0.0,0.0,0.010638297872340425,0.0,0.1276595744680851,0.0,0.010638297872340425,0.0,0.0,0.0,0.0,0.05319148936170213,0.0,0.0,0.0,0.0,0.0,0.0,0.0,0.10638297872340426,0.0,0.0,0.010638297872340425,0.0,0.0,0.0,0.0,0.0,0.0,0.0,0.09574468085106383,0.0,0.14893617021276595,0.010638297872340425,0.0,0.031914893617021274
25,0.0685532084495815,0.012953367875647668,0.007772020725388601,0.0,0.01434834595456357,0.047429254683140694,0.0693503387803906,0.008967716221602232,0.00019928258270227183,0.028895974491829415,0.0,0.00019928258270227183,0.0013949780789159027,0.01853328019131128,0.03308090872857712,0.06556396970904743,0.0019928258270227183,0.03447588680749303,0.003786369071343165,0.05898764447987246,0.037664408130729375,0.00019928258270227183,0.04902351534475887,0.0,0.0990434436030291,0.0,0.00039856516540454366,0.007772020725388601,0.0035870864886408927,0.03029095257074532,0.0,0.0,0.006377042646472699,0.0009964129135113591,0.00657632522917497,0.018134715025906734,0.002989238740534077,0.005779194898365883,0.03288162614587485,0.0025906735751295338,0.016141889198884016,0.046034276604224794,0.0996412913511359,0.023515344758868077,0.0,0.012355520127540853,0.0,0.0,0.01733758469509765,0.004184934236747709
26,0.04431678292983176,0.009848173984407058,0.0,0.0,0.035699630693475586,0.00943783340172343,0.03857201477226098,0.0008206811653672548,0.007386130488305293,0.07673368896183833,0.0,0.0004103405826836274,0.0,0.0024620434961017644,0.023389413212966764,0.1583914649158802,0.002051702913418137,0.0024620434961017644,0.0036930652441526466,0.014772260976610586,0.059909725071809604,0.0,0.08042675420599098,0.0,0.039803036520311856,0.0,0.0,0.013951579811243332,0.0004103405826836274,0.01723430447271235,0.0,0.0,0.0004103405826836274,0.009027492819039803,0.0,0.00943783340172343,0.024620434961017644,0.010258514567090685,0.00943783340172343,0.0,0.002051702913418137,0.01723430447271235,0.11899876897825194,0.1062782109150595,0.0,0.003282724661469019,0.0,0.0,0.0012310217480508822,0.04554780467788264
27,0.015228426395939087,0.044416243654822336,0.0,0.0,0.116751269035533,0.0,0.0,0.0,0.11421319796954314,0.013959390862944163,0.0,0.06472081218274112,0.0,0.0,0.01015228426395939,0.027918781725888325,0.01015228426395939,0.0,0.0583756345177665,0.0012690355329949238,0.05964467005076142,0.0,0.0025380710659898475,0.0,0.0025380710659898475,0.024111675126903553,0.0038071065989847717,0.0038071065989847717,0.0,0.01015228426395939,0.0,0.0,0.0,0.12436548223350254,0.0,0.0,0.031725888324873094,0.011421319796954314,0.0038071065989847717,0.0,0.0,0.0025380710659898475,0.01015228426395939,0.06598984771573604,0.006345177664974619,0.008883248730964468,0.025380710659898477,0.0,0.0,0.12563451776649745
28,0.007220216606498195,0.0018050541516245488,0.03790613718411552,0.0006016847172081829,0.0,0.027677496991576414,0.0030084235860409147,0.07280385078219014,0.0,0.0,0.0006016847172081829,0.0,0.07882069795427196,0.09927797833935018,0.0048134777376654635,0.0012033694344163659,0.007220216606498195,0.05776173285198556,0.0,0.021660649819494584,0.0018050541516245488,0.0457280385078219,0.0006016847172081829,0.0,0.011432009626955475,0.0012033694344163659,0.0036101083032490976,0.0,0.030084235860409144,0.007220216606498195,0.007821901323706379,0.0,0.03309265944645006,0.0,0.154632972322503,0.0048134777376654635,0.0,0.0030084235860409147,0.031287605294825514,0.13898916967509026,0.015042117930204572,0.016245487364620937,0.0006016847172081829,0.0,0.0,0.015042117930204572,0.0,0.0,0.05535499398315283,0.0
29,0.025964571705896628,0.0002426595486532395,0.08468818247998058,0.0,0.0012132977432661976,0.16670710992477553,0.11647658335355496,0.002911914583838874,0.0,0.008735743751516622,0.0,0.0,0.000970638194612958,0.016015530211113807,0.00994904149478282,0.01892744479495268,0.0007279786459597186,0.05459839844697889,0.0,0.03955350643047804,0.005338510070371269,0.0,0.03542829410337297,0.0,0.10895413734530454,0.0,0.0,0.0036398932297985924,0.0002426595486532395,0.005581169619024508,0.0,0.0,0.002911914583838874,0.0,0.021111380732831836,0.03421499636010677,0.0,0.0007279786459597186,0.012132977432661975,0.0026692550351856345,0.08711477796651299,0.033487017714147055,0.06527541858772143,0.003397233681145353,0.0,0.0021839359378791555,0.0,0.0,0.027905848095122542,0.0
30,0.023496890117484452,0.010366275051831375,0.0,0.0,0.04561161022805805,0.002073255010366275,0.014512785072563926,0.0,0.03800967519004837,0.0718728403593642,0.0,0.002073255010366275,0.0,0.0,0.015894955079474776,0.12577747062888736,0.00138217000691085,0.000691085003455425,0.0034554250172771253,0.006219765031098825,0.0691085003455425,0.0,0.051831375259156875,0.0,0.013130615065653075,0.0027643400138217,0.0,0.0082930200414651,0.000691085003455425,0.0110573600552868,0.0,0.0,0.000691085003455425,0.027643400138217002,0.0,0.00414651002073255,0.04284727021423635,0.006910850034554251,0.002073255010366275,0.0,0.0,0.00414651002073255,0.07118175535590877,0.18797512093987562,0.0,0.00138217000691085,0.0027643400138217,0.0,0.0,0.1299239806496199
31,0.0,0.012903225806451613,0.0,0.2,0.0,0.0,0.0,0.03870967741935484,0.0,0.0,0.07096774193548387,0.0,0.012903225806451613,0.0,0.0,0.0,0.01935483870967742,0.0,0.012903225806451613,0.0,0.0,0.12903225806451613,0.0,0.0064516129032258064,0.0,0.03225806451612903,0.06451612903225806,0.0,0.04516129032258064,0.0,0.12903225806451613,0.1032258064516129,0.0,0.0,0.0,0.0,0.0,0.0,0.0064516129032258064,0.01935483870967742,0.0,0.0,0.0,0.0,0.05161290322580645,0.0,0.0,0.04516129032258064,0.0,0.0
32,0.0,0.0035335689045936395,0.0,0.0,0.038869257950530034,0.0,0.0,0.0,0.26148409893992935,0.007067137809187279,0.0,0.0812720848056537,0.0,0.0,0.0,0.007067137809187279,0.0,0.0,0.0035335689045936395,0.0,0.014134275618374558,0.0,0.0,0.0,0.0,0.0,0.0,0.0,0.0,0.0,0.0,0.0,0.0,0.127208480565371,0.0,0.0,0.024734982332155476,0.0,0.0035335689045936395,0.0,0.0,0.0,0.0,0.045936395759717315,0.007067137809187279,0.0,0.22968197879858657,0.0,0.0,0.14487632508833923
33,0.0,0.014492753623188406,0.0,0.06521739130434782,0.0024154589371980675,0.0,0.0,0.07246376811594203,0.0,0.0,0.04830917874396135,0.0,0.1111111111111111,0.024154589371980676,0.0,0.0,0.03140096618357488,0.0024154589371980675,0.0,0.0024154589371980675,0.0024154589371980675,0.13768115942028986,0.0,0.0,0.0,0.004830917874396135,0.06038647342995169,0.0,0.10628019323671498,0.0,0.1473429951690821,0.021739130434782608,0.026570048309178744,0.0,0.004830917874396135,0.0,0.0,0.0,0.014492753623188406,0.036231884057971016,0.0024154589371980675,0.0,0.0,0.0,0.0,0.050724637681159424,0.0,0.00966183574879227,0.0,0.0
34,0.058,0.048,0.0016666666666666668,0.0,0.019333333333333334,0.011666666666666667,0.01633333333333333,0.032,0.0003333333333333333,0.017,0.0033333333333333335,0.0,0.006333333333333333,0.048,0.049,0.018666666666666668,0.026,0.033,0.018333333333333333,0.06133333333333333,0.04,0.003,0.015666666666666666,0.0,0.028,0.006,0.015333333333333332,0.006333333333333333,0.03,0.066,0.0003333333333333333,0.0,0.03,0.0036666666666666666,0.009666666666666667,0.009666666666666667,0.0033333333333333335,0.021333333333333333,0.06766666666666667,0.008,0.004333333333333333,0.045,0.027,0.010333333333333333,0.0,0.052333333333333336,0.0,0.0,0.025666666666666667,0.003
35,0.003284072249589491,0.003284072249589491,0.0016420361247947454,0.029556650246305417,0.0,0.0,0.0,0.10016420361247948,0.0,0.0,0.014778325123152709,0.0,0.15435139573070608,0.0361247947454844,0.0016420361247947454,0.0,0.019704433497536946,0.008210180623973728,0.008210180623973728,0.009852216748768473,0.0,0.12643678160919541,0.0,0.0,0.0,0.003284072249589491,0.059113300492610835,0.003284072249589491,0.10837438423645321,0.003284072249589491,0.08538587848932677,0.006568144499178982,0.03284072249589491,0.0,0.021346469622331693,0.0,0.0,0.0016420361247947454,0.022988505747126436,0.07881773399014778,0.0,0.003284072249589491,0.0,0.0,0.0016420361247947454,0.0361247947454844,0.0,0.0016420361247947454,0.013136288998357963,0.0
36,0.07138157894736842,0.045394736842105265,0.0003289473684210526,0.0,0.060526315789473685,0.006907894736842105,0.012828947368421053,0.010855263157894738,0.004605263157894736,0.03223684210526316,0.0003289473684210526,0.003618421052631579,0.0003289473684210526,0.012171052631578947,0.04703947368421053,0.05526315789473684,0.017105263157894738,0.015460526315789473,0.02631578947368421,0.04671052631578947,0.08355263157894736,0.0003289473684210526,0.03453947368421053,0.0,0.027960526315789474,0.007565789473684211,0.003618421052631579,0.009210526315789473,0.005592105263157895,0.06677631578947368,0.0006578947368421052,0.0,0.012828947368421053,0.015460526315789473,0.001644736842105263,0.0059210526315789476,0.013157894736842105,0.02368421052631579,0.03519736842105263,0.0,0.001644736842105263,0.03388157894736842,0.04473684210526316,0.04407894736842105,0.0,0.03618421052631579,0.0006578947368421052,0.0,0.007565789473684211,0.014144736842105264
37,0.027575205104831357,0.004329990884229718,0.05560619872379216,0.0,0.0015952597994530538,0.09731084776663627,0.03691886964448496,0.025752051048313584,0.0,0.0029626253418413855,0.00022789425706472196,0.0,0.008204193254329991,0.07178669097538742,0.013445761166818596,0.0068368277119416595,0.0027347310847766638,0.10346399270738377,0.00022789425706472196,0.061759343664539654,0.006153144940747493,0.0013673655423883319,0.009571558796718322,0.0,0.0663172288058341,0.0,0.0015952597994530538,0.0031905195989061076,0.008204193254329991,0.01390154968094804,0.00022789425706472196,0.0,0.01253418413855971,0.00022789425706472196,0.08226982680036463,0.018687329079307202,0.0,0.0018231540565177757,0.03509571558796718,0.025752051048313584,0.0487693710118505,0.042160437556973566,0.02415679124886053,0.0011394712853236098,0.0,0.01390154968094804,0.0,0.0,0.0622151321786691,0.0
38,0.054303556882975834,0.019006244909041542,0.00977464023893565,0.0005430355688297583,0.0065164268259571,0.03502579418951941,0.021178387184360575,0.0469725767037741,0.00027151778441487917,0.0070594623947868584,0.0027151778441487917,0.00027151778441487917,0.008960086885691013,0.06815096388813467,0.041270703231061634,0.015748031496062992,0.0130328536519142,0.05647569915829487,0.0065164268259571,0.07982622861797448,0.02280749389084985,0.0027151778441487917,0.01629106706489275,0.0,0.04208525658430627,0.0019006244909041542,0.006787944610371979,0.0038012489818083084,0.014390442573988596,0.04480043442845506,0.0005430355688297583,0.0,0.02959543850122183,0.0010860711376595167,0.025251153950583763,0.011403746945424925,0.0013575889220743959,0.010317675807765408,0.06815096388813467,0.01601954928047787,0.014390442573988596,0.05457507466739071,0.027694814010317675,0.004887320119467825,0.0,0.044528916644040184,0.0,0.0,0.04018463209340212,0.0008145533532446375
39,0.035398230088495575,0.08628318584070796,0.0007374631268436578,0.0014749262536873156,0.036135693215339236,0.004424778761061947,0.0029498525073746312,0.03171091445427729,0.0,0.01032448377581121,0.015486725663716814,0.005162241887905605,0.004424778761061947,0.01696165191740413,0.036135693215339236,0.012536873156342183,0.07448377581120944,0.005162241887905605,0.04129793510324484,0.030973451327433628,0.033185840707964605,0.004424778761061947,0.005162241887905605,0.0,0.011061946902654867,0.03687315634218289,0.03761061946902655,0.007374631268436578,0.036135693215339236,0.07595870206489676,0.0058997050147492625,0.0,0.024336283185840708,0.01991150442477876,0.0007374631268436578,0.003687315634218289,0.005162241887905605,0.04129793510324484,0.051622418879056046,0.00663716814159292,0.0007374631268436578,0.019174041297935103,0.007374631268436578,0.009587020648967551,0.004424778761061947,0.08333333333333333,0.0,0.0,0.012536873156342183,0.003687315634218289
40,0.0,0.03864734299516908,0.0,0.10144927536231885,0.01932367149758454,0.0,0.0,0.00966183574879227,0.004830917874396135,0.0,0.09178743961352658,0.043478260869565216,0.004830917874396135,0.0,0.0,0.0,0.057971014492753624,0.0,0.057971014492753624,0.0,0.004830917874396135,0.004830917874396135,0.0,0.0,0.0,0.12560386473429952,0.11594202898550725,0.0,0.01932367149758454,0.00966183574879227,0.00966183574879227,0.04830917874396135,0.00966183574879227,0.014492753623188406,0.0,0.0,0.0,0.01932367149758454,0.00966183574879227,0.0,0.0,0.0,0.0,0.0,0.1111111111111111,0.06280193236714976,0.0,0.004830917874396135,0.0,0.0
41,0.0,0.0,0.0,0.21428571428571427,0.0,0.0,0.0,0.0,0.0,0.0,0.07142857142857142,0.03571428571428571,0.0,0.0,0.0,0.0,0.0,0.0,0.0,0.0,0.0,0.03571428571428571,0.0,0.07142857142857142,0.0,0.07142857142857142,0.0,0.0,0.0,0.0,0.10714285714285714,0.14285714285714285,0.0,0.0,0.0,0.0,0.0,0.0,0.0,0.0,0.0,0.0,0.0,0.0,0.07142857142857142,0.0,0.0,0.17857142857142858,0.0,0.0
42,0.025154939846882975,0.01093693036820999,0.026977761574917974,0.001093693036820999,0.0014582573824279985,0.028800583302952973,0.01020780167699599,0.06525701786365294,0.0,0.002187386073641998,0.0025519504192489974,0.0,0.031717098067808966,0.11046299671892089,0.013124316441851986,0.0032810791104629965,0.008384979948960992,0.07911046299671892,0.0007291286912139992,0.057601166605905946,0.004374772147283996,0.012395187750637988,0.004739336492890996,0.0,0.028800583302952973,0.0003645643456069996,0.008020415603353991,0.001093693036820999,0.024425811155668976,0.020780167699598978,0.0018228217280349982,0.0,0.04046664236237696,0.0003645643456069996,0.07437112650382792,0.012395187750637988,0.0,0.004739336492890996,0.052132701421800945,0.06926722566532993,0.018957345971563982,0.03864382063434196,0.008384979948960992,0.0003645643456069996,0.0,0.028800583302952973,0.0,0.0,0.06525701786365294,0.0
43,0.04835820895522388,0.06208955223880597,0.0,0.0005970149253731343,0.10388059701492537,0.005373134328358209,0.006567164179104477,0.0029850746268656717,0.017313432835820895,0.028059701492537312,0.001791044776119403,0.016119402985074627,0.0,0.0029850746268656717,0.04,0.04895522388059702,0.023283582089552238,0.0011940298507462687,0.04835820895522388,0.01791044776119403,0.10208955223880598,0.0,0.018507462686567163,0.0,0.00955223880597015,0.02208955223880597,0.005970149253731343,0.003582089552238806,0.008955223880597015,0.04298507462686567,0.0,0.0,0.005373134328358209,0.04955223880597015,0.0,0.0011940298507462687,0.028656716417910448,0.02626865671641791,0.019701492537313434,0.0,0.0005970149253731343,0.00955223880597015,0.02447761194029851,0.06507462686567164,0.0023880597014925373,0.02746268656716418,0.0023880597014925373,0.0,0.0011940298507462687,0.046567164179104475
44,0.005555555555555556,0.08055555555555556,0.0,0.025,0.03333333333333333,0.0,0.002777777777777778,0.008333333333333333,0.005555555555555556,0.005555555555555556,0.044444444444444446,0.05555555555555555,0.002777777777777778,0.0,0.008333333333333333,0.002777777777777778,0.09444444444444444,0.0,0.125,0.002777777777777778,0.013888888888888888,0.002777777777777778,0.0,0.0,0.0,0.11666666666666667,0.058333333333333334,0.002777777777777778,0.027777777777777776,0.030555555555555555,0.0,0.008333333333333333,0.005555555555555556,0.03611111111111111,0.0,0.0,0.013888888888888888,0.044444444444444446,0.025,0.0,0.0,0.011111111111111112,0.0,0.0,0.05277777777777778,0.030555555555555555,0.002777777777777778,0.002777777777777778,0.002777777777777778,0.008333333333333333
45,0.043580046821537904,0.005762650819376914,0.03205474518278408,0.0,0.0032414910858995136,0.1003061408247794,0.0731136322708446,0.011705384476859355,0.0,0.011885467314964884,0.0,0.0,0.0010804970286331713,0.03277507653520619,0.021429857734557897,0.031334413830361965,0.0012605798667386999,0.06537007023230686,0.0007203313524221142,0.0713128038897893,0.016567621105708627,0.0005402485143165856,0.03961822438321628,0.0,0.10498829461552314,0.0007203313524221142,0.0007203313524221142,0.0055825679812713845,0.0030614082477939853,0.0176481181343418,0.0,0.0,0.008283810552854314,0.0003601656762110571,0.025211597334773996,0.025211597334773996,0.0007203313524221142,0.004682153790743742,0.02737259139204034,0.006482982171799027,0.047721952097965065,0.04177921844048262,0.06518998739420133,0.004682153790743742,0.0,0.009184224743381956,0.0,0.0,0.03637673329731676,0.0003601656762110571
46,0.015544041450777202,0.03626943005181347,0.0,0.0025906735751295338,0.08549222797927461,0.0,0.0,0.0,0.03367875647668394,0.007772020725388601,0.007772020725388601,0.15284974093264247,0.0,0.0,0.02072538860103627,0.007772020725388601,0.046632124352331605,0.0,0.11658031088082901,0.0,0.03626943005181347,0.0,0.0025906735751295338,0.0,0.0,0.05699481865284974,0.007772020725388601,0.0,0.0051813471502590676,0.031088082901554404,0.0,0.0,0.0,0.12694300518134716,0.0,0.0,0.03626943005181347,0.02072538860103627,0.007772020725388601,0.0,0.0,0.0,0.0025906735751295338,0.03626943005181347,0.02849740932642487,0.0051813471502590676,0.025906735751295335,0.0,0.0,0.03626943005181347
47,0.08622036988799167,0.022922636103151862,0.0015629070070330815,0.0,0.03099765563948945,0.018233915082052618,0.036467830164105236,0.007554050533993228,0.0026048450117218025,0.04245897369106538,0.00026048450117218026,0.0007814535035165407,0.0,0.008075019536337588,0.044542849700442824,0.09325345141964053,0.007814535035165408,0.015368585569158636,0.0072935660328210476,0.044542849700442824,0.07241469132586612,0.00026048450117218026,0.04975253972388643,0.0,0.05027350872623079,0.0018233915082052619,0.0015629070070330815,0.01120083355040375,0.0023443605105496223,0.04167752018754884,0.0,0.0,0.003907267517582704,0.0070330815316488665,0.001041938004688721,0.013805678562125553,0.007554050533993228,0.013024225058609012,0.028132326126595466,0.00026048450117218026,0.0057306590257879654,0.03125814014066163,0.08986715290440218,0.05365980724146913,0.0,0.017712946079708258,0.00026048450117218026,0.0,0.007814535035165408,0.016671008075019537
48,0.016968325791855202,0.0418552036199095,0.0011312217194570137,0.013574660633484163,0.012443438914027148,0.0,0.0,0.058823529411764705,0.0,0.0022624434389140274,0.05542986425339366,0.003393665158371041,0.029411764705882353,0.01583710407239819,0.012443438914027148,0.0,0.08484162895927602,0.005656108597285068,0.027149321266968326,0.01809954751131222,0.011312217194570135,0.04751131221719457,0.0,0.0,0.0011312217194570137,0.03959276018099547,0.11312217194570136,0.0011312217194570137,0.08710407239819004,0.027149321266968326,0.023755656108597284,0.004524886877828055,0.04072398190045249,0.007918552036199095,0.003393665158371041,0.0,0.0011312217194570137,0.01809954751131222,0.048642533936651584,0.007918552036199095,0.0,0.004524886877828055,0.003393665158371041,0.0011312217194570137,0.006787330316742082,0.09389140271493213,0.0,0.0,0.005656108597285068,0.0011312217194570137
49,0.005932517612161661,0.0014831294030404152,0.18687430478309233,0.0,0.0,0.1067853170189099,0.02261772339636633,0.020022246941045607,0.0,0.0003707823507601038,0.0003707823507601038,0.0,0.011494252873563218,0.05932517612161661,0.004078605858361142,0.0011123470522803114,0.0003707823507601038,0.09195402298850575,0.0,0.036336670374490176,0.0003707823507601038,0.0003707823507601038,0.002224694104560623,0.0,0.03299962921764924,0.0,0.0007415647015202076,0.0011123470522803114,0.0025954764553207266,0.0033370411568409346,0.0003707823507601038,0.0,0.006674082313681869,0.0,0.1831664812754913,0.010381905821282907,0.0,0.0003707823507601038,0.015943641082684465,0.05747126436781609,0.053763440860215055,0.015943641082684465,0.007415647015202077,0.0,0.0,0.0037078235076010383,0.0,0.0,0.05190952910641453,0.0
